video_path,sinal_id,sinal_nome,sinalizador_id,repeticao_id
/data/popo/Sinalizador01/Canon/01AcontecerSinalizador01-1.mp4,01,Acontecer,01,1
/data/popo/Sinalizador01/Canon/01AcontecerSinalizador01-2.mp4,01,Acontecer,01,2
/data/popo/Sinalizador01/Canon/01AcontecerSinalizador01-3.mp4,01,Acontecer,01,3
/data/popo/Sinalizador01/Canon/01AcontecerSinalizador01-4.mp4,01,Acontecer,01,4
/data/popo/Sinalizador01/Canon/01AcontecerSinalizador01-5.mp4,01,Acontecer,01,5
/data/popo/Sinalizador02/Canon/01AcontecerSinalizador02-1.mp4,01,Acontecer,02,1
/data/popo/Sinalizador02/Canon/01AcontecerSinalizador02-2.mp4,01,Acontecer,02,2
/data/popo/Sinalizador02/Canon/01AcontecerSinalizador02-3.mp4,01,Acontecer,02,3
/data/popo/Sinalizador02/Canon/01AcontecerSinalizador02-4.mp4,01,Acontecer,02,4
/data/popo/Sinalizador02/Canon/01AcontecerSinalizador02-5.mp4,01,Acontecer,02,5
/data/popo/Sinalizador03/Canon/01AcontecerSinalizador03-1.mp4,01,Acontecer,03,1
/data/popo/Sinalizador03/Canon/01AcontecerSinalizador03-2.mp4,01,Acontecer,03,2
/data/popo/Sinalizador03/Canon/01AcontecerSinalizador03-3.mp4,01,Acontecer,03,3
/data/popo/Sinalizador03/Canon/01AcontecerSinalizador03-4.mp4,01,Acontecer,03,4
/data/popo/Sinalizador03/Canon/01AcontecerSinalizador03-5.mp4,01,Acontecer,03,5
/data/popo/Sinalizador04/Canon/01AcontecerSinalizador04-1.mp4,01,Acontecer,04,1
/data/popo/Sinalizador04/Canon/01AcontecerSinalizador04-2.mp4,01,Acontecer,04,2
/data/popo/Sinalizador04/Canon/01AcontecerSinalizador04-3.mp4,01,Acontecer,04,3
/data/popo/Sinalizador04/Canon/01AcontecerSinalizador04-4.mp4,01,Acontecer,04,4
/data/popo/Sinalizador04/Canon/01AcontecerSinalizador04-5.mp4,01,Acontecer,04,5
/data/popo/Sinalizador05/Canon/01AcontecerSinalizador05-1.mp4,01,Acontecer,05,1
/data/popo/Sinalizador05/Canon/01AcontecerSinalizador05-2.mp4,01,Acontecer,05,2
/data/popo/Sinalizador05/Canon/01AcontecerSinalizador05-3.mp4,01,Acontecer,05,3
/data/popo/Sinalizador05/Canon/01AcontecerSinalizador05-4.mp4,01,Acontecer,05,4
/data/popo/Sinalizador05/Canon/01AcontecerSinalizador05-5.mp4,01,Acontecer,05,5
/data/popo/Sinalizador06/Canon/01AcontecerSinalizador06-1.mp4,01,Acontecer,06,1
/data/popo/Sinalizador06/Canon/01AcontecerSinalizador06-2.mp4,01,Acontecer,06,2
/data/popo/Sinalizador06/Canon/01AcontecerSinalizador06-3.mp4,01,Acontecer,06,3
/data/popo/Sinalizador06/Canon/01AcontecerSinalizador06-4.mp4,01,Acontecer,06,4
/data/popo/Sinalizador06/Canon/01AcontecerSinalizador06-5.mp4,01,Acontecer,06,5
/data/popo/Sinalizador07/Canon/01AcontecerSinalizador07-1.mp4,01,Acontecer,07,1
/data/popo/Sinalizador07/Canon/01AcontecerSinalizador07-2.mp4,01,Acontecer,07,2
/data/popo/Sinalizador07/Canon/01AcontecerSinalizador07-3.mp4,01,Acontecer,07,3
/data/popo/Sinalizador07/Canon/01AcontecerSinalizador07-4.mp4,01,Acontecer,07,4
/data/popo/Sinalizador07/Canon/01AcontecerSinalizador07-5.mp4,01,Acontecer,07,5
/data/popo/Sinalizador08/Canon/01AcontecerSinalizador08-1.mp4,01,Acontecer,08,1
/data/popo/Sinalizador08/Canon/01AcontecerSinalizador08-2.mp4,01,Acontecer,08,2
/data/popo/Sinalizador08/Canon/01AcontecerSinalizador08-3.mp4,01,Acontecer,08,3
/data/popo/Sinalizador08/Canon/01AcontecerSinalizador08-4.mp4,01,Acontecer,08,4
/data/popo/Sinalizador08/Canon/01AcontecerSinalizador08-5.mp4,01,Acontecer,08,5
/data/popo/Sinalizador09/Canon/01AcontecerSinalizador09-1.mp4,01,Acontecer,09,1
/data/popo/Sinalizador09/Canon/01AcontecerSinalizador09-2.mp4,01,Acontecer,09,2
/data/popo/Sinalizador09/Canon/01AcontecerSinalizador09-3.mp4,01,Acontecer,09,3
/data/popo/Sinalizador09/Canon/01AcontecerSinalizador09-4.mp4,01,Acontecer,09,4
/data/popo/Sinalizador09/Canon/01AcontecerSinalizador09-5.mp4,01,Acontecer,09,5
/data/popo/Sinalizador10/Canon/01AcontecerSinalizador10-1.mp4,01,Acontecer,10,1
/data/popo/Sinalizador10/Canon/01AcontecerSinalizador10-2.mp4,01,Acontecer,10,2
/data/popo/Sinalizador10/Canon/01AcontecerSinalizador10-3.mp4,01,Acontecer,10,3
/data/popo/Sinalizador10/Canon/01AcontecerSinalizador10-4.mp4,01,Acontecer,10,4
/data/popo/Sinalizador10/Canon/01AcontecerSinalizador10-5.mp4,01,Acontecer,10,5
/data/popo/Sinalizador11/Canon/01AcontecerSinalizador11-1.mp4,01,Acontecer,11,1
/data/popo/Sinalizador11/Canon/01AcontecerSinalizador11-2.mp4,01,Acontecer,11,2
/data/popo/Sinalizador11/Canon/01AcontecerSinalizador11-3.mp4,01,Acontecer,11,3
/data/popo/Sinalizador11/Canon/01AcontecerSinalizador11-4.mp4,01,Acontecer,11,4
/data/popo/Sinalizador11/Canon/01AcontecerSinalizador11-5.mp4,01,Acontecer,11,5
/data/popo/Sinalizador12/Canon/01AcontecerSinalizador12-1.mp4,01,Acontecer,12,1
/data/popo/Sinalizador12/Canon/01AcontecerSinalizador12-2.mp4,01,Acontecer,12,2
/data/popo/Sinalizador12/Canon/01AcontecerSinalizador12-3.mp4,01,Acontecer,12,3
/data/popo/Sinalizador12/Canon/01AcontecerSinalizador12-4.mp4,01,Acontecer,12,4
/data/popo/Sinalizador12/Canon/01AcontecerSinalizador12-5.mp4,01,Acontecer,12,5
/data/popo/Sinalizador01/Canon/02AlunoSinalizador01-1.mp4,02,Aluno,01,1
/data/popo/Sinalizador01/Canon/02AlunoSinalizador01-2.mp4,02,Aluno,01,2
/data/popo/Sinalizador01/Canon/02AlunoSinalizador01-3.mp4,02,Aluno,01,3
/data/popo/Sinalizador01/Canon/02AlunoSinalizador01-4.mp4,02,Aluno,01,4
/data/popo/Sinalizador01/Canon/02AlunoSinalizador01-5.mp4,02,Aluno,01,5
/data/popo/Sinalizador02/Canon/02AlunoSinalizador02-1.mp4,02,Aluno,02,1
/data/popo/Sinalizador02/Canon/02AlunoSinalizador02-2.mp4,02,Aluno,02,2
/data/popo/Sinalizador02/Canon/02AlunoSinalizador02-3.mp4,02,Aluno,02,3
/data/popo/Sinalizador02/Canon/02AlunoSinalizador02-4.mp4,02,Aluno,02,4
/data/popo/Sinalizador02/Canon/02AlunoSinalizador02-5.mp4,02,Aluno,02,5
/data/popo/Sinalizador04/Canon/02AlunoSinalizador04-1.mp4,02,Aluno,04,1
/data/popo/Sinalizador04/Canon/02AlunoSinalizador04-2.mp4,02,Aluno,04,2
/data/popo/Sinalizador04/Canon/02AlunoSinalizador04-3.mp4,02,Aluno,04,3
/data/popo/Sinalizador04/Canon/02AlunoSinalizador04-4.mp4,02,Aluno,04,4
/data/popo/Sinalizador04/Canon/02AlunoSinalizador04-5.mp4,02,Aluno,04,5
/data/popo/Sinalizador05/Canon/02AlunoSinalizador05-1.mp4,02,Aluno,05,1
/data/popo/Sinalizador05/Canon/02AlunoSinalizador05-2.mp4,02,Aluno,05,2
/data/popo/Sinalizador05/Canon/02AlunoSinalizador05-3.mp4,02,Aluno,05,3
/data/popo/Sinalizador05/Canon/02AlunoSinalizador05-4.mp4,02,Aluno,05,4
/data/popo/Sinalizador05/Canon/02AlunoSinalizador05-5.mp4,02,Aluno,05,5
/data/popo/Sinalizador06/Canon/02AlunoSinalizador06-1.mp4,02,Aluno,06,1
/data/popo/Sinalizador06/Canon/02AlunoSinalizador06-2.mp4,02,Aluno,06,2
/data/popo/Sinalizador06/Canon/02AlunoSinalizador06-3.mp4,02,Aluno,06,3
/data/popo/Sinalizador06/Canon/02AlunoSinalizador06-4.mp4,02,Aluno,06,4
/data/popo/Sinalizador06/Canon/02AlunoSinalizador06-5.mp4,02,Aluno,06,5
/data/popo/Sinalizador07/Canon/02AlunoSinalizador07-1.mp4,02,Aluno,07,1
/data/popo/Sinalizador07/Canon/02AlunoSinalizador07-2.mp4,02,Aluno,07,2
/data/popo/Sinalizador07/Canon/02AlunoSinalizador07-3.mp4,02,Aluno,07,3
/data/popo/Sinalizador07/Canon/02AlunoSinalizador07-4.mp4,02,Aluno,07,4
/data/popo/Sinalizador07/Canon/02AlunoSinalizador07-5.mp4,02,Aluno,07,5
/data/popo/Sinalizador08/Canon/02AlunoSinalizador08-1.mp4,02,Aluno,08,1
/data/popo/Sinalizador08/Canon/02AlunoSinalizador08-2.mp4,02,Aluno,08,2
/data/popo/Sinalizador08/Canon/02AlunoSinalizador08-3.mp4,02,Aluno,08,3
/data/popo/Sinalizador08/Canon/02AlunoSinalizador08-4.mp4,02,Aluno,08,4
/data/popo/Sinalizador08/Canon/02AlunoSinalizador08-5.mp4,02,Aluno,08,5
/data/popo/Sinalizador09/Canon/02AlunoSinalizador09-1.mp4,02,Aluno,09,1
/data/popo/Sinalizador09/Canon/02AlunoSinalizador09-2.mp4,02,Aluno,09,2
/data/popo/Sinalizador09/Canon/02AlunoSinalizador09-3.mp4,02,Aluno,09,3
/data/popo/Sinalizador09/Canon/02AlunoSinalizador09-4.mp4,02,Aluno,09,4
/data/popo/Sinalizador09/Canon/02AlunoSinalizador09-5.mp4,02,Aluno,09,5
/data/popo/Sinalizador10/Canon/02AlunoSinalizador10-1.mp4,02,Aluno,10,1
/data/popo/Sinalizador10/Canon/02AlunoSinalizador10-2.mp4,02,Aluno,10,2
/data/popo/Sinalizador10/Canon/02AlunoSinalizador10-3.mp4,02,Aluno,10,3
/data/popo/Sinalizador10/Canon/02AlunoSinalizador10-4.mp4,02,Aluno,10,4
/data/popo/Sinalizador10/Canon/02AlunoSinalizador10-5.mp4,02,Aluno,10,5
/data/popo/Sinalizador11/Canon/02AlunoSinalizador11-1.mp4,02,Aluno,11,1
/data/popo/Sinalizador11/Canon/02AlunoSinalizador11-2.mp4,02,Aluno,11,2
/data/popo/Sinalizador11/Canon/02AlunoSinalizador11-3.mp4,02,Aluno,11,3
/data/popo/Sinalizador11/Canon/02AlunoSinalizador11-4.mp4,02,Aluno,11,4
/data/popo/Sinalizador11/Canon/02AlunoSinalizador11-5.mp4,02,Aluno,11,5
/data/popo/Sinalizador12/Canon/02AlunoSinalizador12-1.mp4,02,Aluno,12,1
/data/popo/Sinalizador12/Canon/02AlunoSinalizador12-2.mp4,02,Aluno,12,2
/data/popo/Sinalizador12/Canon/02AlunoSinalizador12-3.mp4,02,Aluno,12,3
/data/popo/Sinalizador12/Canon/02AlunoSinalizador12-4.mp4,02,Aluno,12,4
/data/popo/Sinalizador12/Canon/02AlunoSinalizador12-5.mp4,02,Aluno,12,5
/data/popo/Sinalizador01/Canon/03AmareloSinalizador01-1.mp4,03,Amarelo,01,1
/data/popo/Sinalizador01/Canon/03AmareloSinalizador01-2.mp4,03,Amarelo,01,2
/data/popo/Sinalizador01/Canon/03AmareloSinalizador01-3.mp4,03,Amarelo,01,3
/data/popo/Sinalizador01/Canon/03AmareloSinalizador01-4.mp4,03,Amarelo,01,4
/data/popo/Sinalizador01/Canon/03AmareloSinalizador01-5.mp4,03,Amarelo,01,5
/data/popo/Sinalizador02/Canon/03AmareloSinalizador02-1.mp4,03,Amarelo,02,1
/data/popo/Sinalizador02/Canon/03AmareloSinalizador02-2.mp4,03,Amarelo,02,2
/data/popo/Sinalizador02/Canon/03AmareloSinalizador02-3.mp4,03,Amarelo,02,3
/data/popo/Sinalizador02/Canon/03AmareloSinalizador02-4.mp4,03,Amarelo,02,4
/data/popo/Sinalizador02/Canon/03AmareloSinalizador02-5.mp4,03,Amarelo,02,5
/data/popo/Sinalizador03/Canon/03AmareloSinalizador03-1.mp4,03,Amarelo,03,1
/data/popo/Sinalizador03/Canon/03AmareloSinalizador03-2.mp4,03,Amarelo,03,2
/data/popo/Sinalizador03/Canon/03AmareloSinalizador03-3.mp4,03,Amarelo,03,3
/data/popo/Sinalizador03/Canon/03AmareloSinalizador03-4.mp4,03,Amarelo,03,4
/data/popo/Sinalizador03/Canon/03AmareloSinalizador03-5.mp4,03,Amarelo,03,5
/data/popo/Sinalizador04/Canon/03AmareloSinalizador04-1.mp4,03,Amarelo,04,1
/data/popo/Sinalizador04/Canon/03AmareloSinalizador04-2.mp4,03,Amarelo,04,2
/data/popo/Sinalizador04/Canon/03AmareloSinalizador04-3.mp4,03,Amarelo,04,3
/data/popo/Sinalizador04/Canon/03AmareloSinalizador04-4.mp4,03,Amarelo,04,4
/data/popo/Sinalizador04/Canon/03AmareloSinalizador04-5.mp4,03,Amarelo,04,5
/data/popo/Sinalizador05/Canon/03AmareloSinalizador05-1.mp4,03,Amarelo,05,1
/data/popo/Sinalizador05/Canon/03AmareloSinalizador05-2.mp4,03,Amarelo,05,2
/data/popo/Sinalizador05/Canon/03AmareloSinalizador05-3.mp4,03,Amarelo,05,3
/data/popo/Sinalizador05/Canon/03AmareloSinalizador05-4.mp4,03,Amarelo,05,4
/data/popo/Sinalizador05/Canon/03AmareloSinalizador05-5.mp4,03,Amarelo,05,5
/data/popo/Sinalizador06/Canon/03AmareloSinalizador06-1.mp4,03,Amarelo,06,1
/data/popo/Sinalizador06/Canon/03AmareloSinalizador06-2.mp4,03,Amarelo,06,2
/data/popo/Sinalizador06/Canon/03AmareloSinalizador06-3.mp4,03,Amarelo,06,3
/data/popo/Sinalizador06/Canon/03AmareloSinalizador06-4.mp4,03,Amarelo,06,4
/data/popo/Sinalizador06/Canon/03AmareloSinalizador06-5.mp4,03,Amarelo,06,5
/data/popo/Sinalizador07/Canon/03AmareloSinalizador07-1.mp4,03,Amarelo,07,1
/data/popo/Sinalizador07/Canon/03AmareloSinalizador07-2.mp4,03,Amarelo,07,2
/data/popo/Sinalizador07/Canon/03AmareloSinalizador07-3.mp4,03,Amarelo,07,3
/data/popo/Sinalizador07/Canon/03AmareloSinalizador07-4.mp4,03,Amarelo,07,4
/data/popo/Sinalizador07/Canon/03AmareloSinalizador07-5.mp4,03,Amarelo,07,5
/data/popo/Sinalizador08/Canon/03AmareloSinalizador08-1.mp4,03,Amarelo,08,1
/data/popo/Sinalizador08/Canon/03AmareloSinalizador08-2.mp4,03,Amarelo,08,2
/data/popo/Sinalizador08/Canon/03AmareloSinalizador08-3.mp4,03,Amarelo,08,3
/data/popo/Sinalizador08/Canon/03AmareloSinalizador08-4.mp4,03,Amarelo,08,4
/data/popo/Sinalizador08/Canon/03AmareloSinalizador08-5.mp4,03,Amarelo,08,5
/data/popo/Sinalizador10/Canon/03AmareloSinalizador10-1.mp4,03,Amarelo,10,1
/data/popo/Sinalizador10/Canon/03AmareloSinalizador10-2.mp4,03,Amarelo,10,2
/data/popo/Sinalizador10/Canon/03AmareloSinalizador10-3.mp4,03,Amarelo,10,3
/data/popo/Sinalizador10/Canon/03AmareloSinalizador10-4.mp4,03,Amarelo,10,4
/data/popo/Sinalizador10/Canon/03AmareloSinalizador10-5.mp4,03,Amarelo,10,5
/data/popo/Sinalizador11/Canon/03AmareloSinalizador11-1.mp4,03,Amarelo,11,1
/data/popo/Sinalizador11/Canon/03AmareloSinalizador11-2.mp4,03,Amarelo,11,2
/data/popo/Sinalizador11/Canon/03AmareloSinalizador11-3.mp4,03,Amarelo,11,3
/data/popo/Sinalizador11/Canon/03AmareloSinalizador11-4.mp4,03,Amarelo,11,4
/data/popo/Sinalizador11/Canon/03AmareloSinalizador11-5.mp4,03,Amarelo,11,5
/data/popo/Sinalizador12/Canon/03AmareloSinalizador12-1.mp4,03,Amarelo,12,1
/data/popo/Sinalizador12/Canon/03AmareloSinalizador12-2.mp4,03,Amarelo,12,2
/data/popo/Sinalizador12/Canon/03AmareloSinalizador12-3.mp4,03,Amarelo,12,3
/data/popo/Sinalizador12/Canon/03AmareloSinalizador12-4.mp4,03,Amarelo,12,4
/data/popo/Sinalizador12/Canon/03AmareloSinalizador12-5.mp4,03,Amarelo,12,5
/data/popo/Sinalizador01/Canon/04AmericaSinalizador01-1.mp4,04,America,01,1
/data/popo/Sinalizador01/Canon/04AmericaSinalizador01-2.mp4,04,America,01,2
/data/popo/Sinalizador01/Canon/04AmericaSinalizador01-3.mp4,04,America,01,3
/data/popo/Sinalizador01/Canon/04AmericaSinalizador01-4.mp4,04,America,01,4
/data/popo/Sinalizador01/Canon/04AmericaSinalizador01-5.mp4,04,America,01,5
/data/popo/Sinalizador02/Canon/04AmericaSinalizador02-1.mp4,04,America,02,1
/data/popo/Sinalizador02/Canon/04AmericaSinalizador02-2.mp4,04,America,02,2
/data/popo/Sinalizador02/Canon/04AmericaSinalizador02-3.mp4,04,America,02,3
/data/popo/Sinalizador02/Canon/04AmericaSinalizador02-4.mp4,04,America,02,4
/data/popo/Sinalizador02/Canon/04AmericaSinalizador02-5.mp4,04,America,02,5
/data/popo/Sinalizador04/Canon/04AmericaSinalizador04-1.mp4,04,America,04,1
/data/popo/Sinalizador04/Canon/04AmericaSinalizador04-2.mp4,04,America,04,2
/data/popo/Sinalizador04/Canon/04AmericaSinalizador04-3.mp4,04,America,04,3
/data/popo/Sinalizador04/Canon/04AmericaSinalizador04-4.mp4,04,America,04,4
/data/popo/Sinalizador04/Canon/04AmericaSinalizador04-5.mp4,04,America,04,5
/data/popo/Sinalizador05/Canon/04AmericaSinalizador05-1.mp4,04,America,05,1
/data/popo/Sinalizador05/Canon/04AmericaSinalizador05-2.mp4,04,America,05,2
/data/popo/Sinalizador05/Canon/04AmericaSinalizador05-3.mp4,04,America,05,3
/data/popo/Sinalizador05/Canon/04AmericaSinalizador05-4.mp4,04,America,05,4
/data/popo/Sinalizador05/Canon/04AmericaSinalizador05-5.mp4,04,America,05,5
/data/popo/Sinalizador06/Canon/04AmericaSinalizador06-1.mp4,04,America,06,1
/data/popo/Sinalizador06/Canon/04AmericaSinalizador06-2.mp4,04,America,06,2
/data/popo/Sinalizador06/Canon/04AmericaSinalizador06-3.mp4,04,America,06,3
/data/popo/Sinalizador06/Canon/04AmericaSinalizador06-4.mp4,04,America,06,4
/data/popo/Sinalizador06/Canon/04AmericaSinalizador06-5.mp4,04,America,06,5
/data/popo/Sinalizador07/Canon/04AmericaSinalizador07-1.mp4,04,America,07,1
/data/popo/Sinalizador07/Canon/04AmericaSinalizador07-2.mp4,04,America,07,2
/data/popo/Sinalizador07/Canon/04AmericaSinalizador07-3.mp4,04,America,07,3
/data/popo/Sinalizador07/Canon/04AmericaSinalizador07-4.mp4,04,America,07,4
/data/popo/Sinalizador07/Canon/04AmericaSinalizador07-5.mp4,04,America,07,5
/data/popo/Sinalizador08/Canon/04AmericaSinalizador08-1.mp4,04,America,08,1
/data/popo/Sinalizador08/Canon/04AmericaSinalizador08-2.mp4,04,America,08,2
/data/popo/Sinalizador08/Canon/04AmericaSinalizador08-3.mp4,04,America,08,3
/data/popo/Sinalizador08/Canon/04AmericaSinalizador08-4.mp4,04,America,08,4
/data/popo/Sinalizador08/Canon/04AmericaSinalizador08-5.mp4,04,America,08,5
/data/popo/Sinalizador09/Canon/04AmericaSinalizador09-1.mp4,04,America,09,1
/data/popo/Sinalizador09/Canon/04AmericaSinalizador09-2.mp4,04,America,09,2
/data/popo/Sinalizador09/Canon/04AmericaSinalizador09-3.mp4,04,America,09,3
/data/popo/Sinalizador09/Canon/04AmericaSinalizador09-4.mp4,04,America,09,4
/data/popo/Sinalizador09/Canon/04AmericaSinalizador09-5.mp4,04,America,09,5
/data/popo/Sinalizador10/Canon/04AmericaSinalizador10-1.mp4,04,America,10,1
/data/popo/Sinalizador10/Canon/04AmericaSinalizador10-2.mp4,04,America,10,2
/data/popo/Sinalizador10/Canon/04AmericaSinalizador10-3.mp4,04,America,10,3
/data/popo/Sinalizador10/Canon/04AmericaSinalizador10-4.mp4,04,America,10,4
/data/popo/Sinalizador10/Canon/04AmericaSinalizador10-5.mp4,04,America,10,5
/data/popo/Sinalizador11/Canon/04AmericaSinalizador11-1.mp4,04,America,11,1
/data/popo/Sinalizador11/Canon/04AmericaSinalizador11-2.mp4,04,America,11,2
/data/popo/Sinalizador11/Canon/04AmericaSinalizador11-3.mp4,04,America,11,3
/data/popo/Sinalizador11/Canon/04AmericaSinalizador11-4.mp4,04,America,11,4
/data/popo/Sinalizador11/Canon/04AmericaSinalizador11-5.mp4,04,America,11,5
/data/popo/Sinalizador12/Canon/04AmericaSinalizador12-1.mp4,04,America,12,1
/data/popo/Sinalizador12/Canon/04AmericaSinalizador12-2.mp4,04,America,12,2
/data/popo/Sinalizador12/Canon/04AmericaSinalizador12-3.mp4,04,America,12,3
/data/popo/Sinalizador12/Canon/04AmericaSinalizador12-4.mp4,04,America,12,4
/data/popo/Sinalizador12/Canon/04AmericaSinalizador12-5.mp4,04,America,12,5
/data/popo/Sinalizador01/Canon/05AproveitarSinalizador01-1.mp4,05,Aproveitar,01,1
/data/popo/Sinalizador01/Canon/05AproveitarSinalizador01-2.mp4,05,Aproveitar,01,2
/data/popo/Sinalizador01/Canon/05AproveitarSinalizador01-3.mp4,05,Aproveitar,01,3
/data/popo/Sinalizador01/Canon/05AproveitarSinalizador01-4.mp4,05,Aproveitar,01,4
/data/popo/Sinalizador01/Canon/05AproveitarSinalizador01-5.mp4,05,Aproveitar,01,5
/data/popo/Sinalizador02/Canon/05AproveitarSinalizador02-1.mp4,05,Aproveitar,02,1
/data/popo/Sinalizador02/Canon/05AproveitarSinalizador02-2.mp4,05,Aproveitar,02,2
/data/popo/Sinalizador02/Canon/05AproveitarSinalizador02-3.mp4,05,Aproveitar,02,3
/data/popo/Sinalizador02/Canon/05AproveitarSinalizador02-4.mp4,05,Aproveitar,02,4
/data/popo/Sinalizador02/Canon/05AproveitarSinalizador02-5.mp4,05,Aproveitar,02,5
/data/popo/Sinalizador03/Canon/05AproveitarSinalizador03-1.mp4,05,Aproveitar,03,1
/data/popo/Sinalizador03/Canon/05AproveitarSinalizador03-2.mp4,05,Aproveitar,03,2
/data/popo/Sinalizador03/Canon/05AproveitarSinalizador03-3.mp4,05,Aproveitar,03,3
/data/popo/Sinalizador03/Canon/05AproveitarSinalizador03-4.mp4,05,Aproveitar,03,4
/data/popo/Sinalizador03/Canon/05AproveitarSinalizador03-5.mp4,05,Aproveitar,03,5
/data/popo/Sinalizador04/Canon/05AproveitarSinalizador04-1.mp4,05,Aproveitar,04,1
/data/popo/Sinalizador04/Canon/05AproveitarSinalizador04-2.mp4,05,Aproveitar,04,2
/data/popo/Sinalizador04/Canon/05AproveitarSinalizador04-3.mp4,05,Aproveitar,04,3
/data/popo/Sinalizador04/Canon/05AproveitarSinalizador04-4.mp4,05,Aproveitar,04,4
/data/popo/Sinalizador04/Canon/05AproveitarSinalizador04-5.mp4,05,Aproveitar,04,5
/data/popo/Sinalizador05/Canon/05AproveitarSinalizador05-1.mp4,05,Aproveitar,05,1
/data/popo/Sinalizador05/Canon/05AproveitarSinalizador05-2.mp4,05,Aproveitar,05,2
/data/popo/Sinalizador05/Canon/05AproveitarSinalizador05-3.mp4,05,Aproveitar,05,3
/data/popo/Sinalizador05/Canon/05AproveitarSinalizador05-4.mp4,05,Aproveitar,05,4
/data/popo/Sinalizador05/Canon/05AproveitarSinalizador05-5.mp4,05,Aproveitar,05,5
/data/popo/Sinalizador06/Canon/05AproveitarSinalizador06-1.mp4,05,Aproveitar,06,1
/data/popo/Sinalizador06/Canon/05AproveitarSinalizador06-2.mp4,05,Aproveitar,06,2
/data/popo/Sinalizador06/Canon/05AproveitarSinalizador06-3.mp4,05,Aproveitar,06,3
/data/popo/Sinalizador06/Canon/05AproveitarSinalizador06-4.mp4,05,Aproveitar,06,4
/data/popo/Sinalizador06/Canon/05AproveitarSinalizador06-5.mp4,05,Aproveitar,06,5
/data/popo/Sinalizador07/Canon/05AproveitarSinalizador07-1.mp4,05,Aproveitar,07,1
/data/popo/Sinalizador07/Canon/05AproveitarSinalizador07-2.mp4,05,Aproveitar,07,2
/data/popo/Sinalizador07/Canon/05AproveitarSinalizador07-3.mp4,05,Aproveitar,07,3
/data/popo/Sinalizador07/Canon/05AproveitarSinalizador07-4.mp4,05,Aproveitar,07,4
/data/popo/Sinalizador07/Canon/05AproveitarSinalizador07-5.mp4,05,Aproveitar,07,5
/data/popo/Sinalizador08/Canon/05AproveitarSinalizador08-1.mp4,05,Aproveitar,08,1
/data/popo/Sinalizador08/Canon/05AproveitarSinalizador08-2.mp4,05,Aproveitar,08,2
/data/popo/Sinalizador08/Canon/05AproveitarSinalizador08-3.mp4,05,Aproveitar,08,3
/data/popo/Sinalizador08/Canon/05AproveitarSinalizador08-4.mp4,05,Aproveitar,08,4
/data/popo/Sinalizador08/Canon/05AproveitarSinalizador08-5.mp4,05,Aproveitar,08,5
/data/popo/Sinalizador09/Canon/05AproveitarSinalizador09-1.mp4,05,Aproveitar,09,1
/data/popo/Sinalizador09/Canon/05AproveitarSinalizador09-2.mp4,05,Aproveitar,09,2
/data/popo/Sinalizador09/Canon/05AproveitarSinalizador09-3.mp4,05,Aproveitar,09,3
/data/popo/Sinalizador09/Canon/05AproveitarSinalizador09-4.mp4,05,Aproveitar,09,4
/data/popo/Sinalizador09/Canon/05AproveitarSinalizador09-5.mp4,05,Aproveitar,09,5
/data/popo/Sinalizador10/Canon/05AproveitarSinalizador10-1.mp4,05,Aproveitar,10,1
/data/popo/Sinalizador10/Canon/05AproveitarSinalizador10-2.mp4,05,Aproveitar,10,2
/data/popo/Sinalizador10/Canon/05AproveitarSinalizador10-3.mp4,05,Aproveitar,10,3
/data/popo/Sinalizador10/Canon/05AproveitarSinalizador10-4.mp4,05,Aproveitar,10,4
/data/popo/Sinalizador10/Canon/05AproveitarSinalizador10-5.mp4,05,Aproveitar,10,5
/data/popo/Sinalizador11/Canon/05AproveitarSinalizador11-1.mp4,05,Aproveitar,11,1
/data/popo/Sinalizador11/Canon/05AproveitarSinalizador11-2.mp4,05,Aproveitar,11,2
/data/popo/Sinalizador11/Canon/05AproveitarSinalizador11-3.mp4,05,Aproveitar,11,3
/data/popo/Sinalizador11/Canon/05AproveitarSinalizador11-4.mp4,05,Aproveitar,11,4
/data/popo/Sinalizador11/Canon/05AproveitarSinalizador11-5.mp4,05,Aproveitar,11,5
/data/popo/Sinalizador12/Canon/05AproveitarSinalizador12-1.mp4,05,Aproveitar,12,1
/data/popo/Sinalizador12/Canon/05AproveitarSinalizador12-2.mp4,05,Aproveitar,12,2
/data/popo/Sinalizador12/Canon/05AproveitarSinalizador12-3.mp4,05,Aproveitar,12,3
/data/popo/Sinalizador12/Canon/05AproveitarSinalizador12-4.mp4,05,Aproveitar,12,4
/data/popo/Sinalizador12/Canon/05AproveitarSinalizador12-5.mp4,05,Aproveitar,12,5
/data/popo/Sinalizador01/Canon/06BalaSinalizador01-1.mp4,06,Bala,01,1
/data/popo/Sinalizador01/Canon/06BalaSinalizador01-2.mp4,06,Bala,01,2
/data/popo/Sinalizador01/Canon/06BalaSinalizador01-3.mp4,06,Bala,01,3
/data/popo/Sinalizador01/Canon/06BalaSinalizador01-4.mp4,06,Bala,01,4
/data/popo/Sinalizador01/Canon/06BalaSinalizador01-5.mp4,06,Bala,01,5
/data/popo/Sinalizador02/Canon/06BalaSinalizador02-1.mp4,06,Bala,02,1
/data/popo/Sinalizador02/Canon/06BalaSinalizador02-2.mp4,06,Bala,02,2
/data/popo/Sinalizador02/Canon/06BalaSinalizador02-3.mp4,06,Bala,02,3
/data/popo/Sinalizador02/Canon/06BalaSinalizador02-4.mp4,06,Bala,02,4
/data/popo/Sinalizador02/Canon/06BalaSinalizador02-5.mp4,06,Bala,02,5
/data/popo/Sinalizador03/Canon/06BalaSinalizador03-1.mp4,06,Bala,03,1
/data/popo/Sinalizador03/Canon/06BalaSinalizador03-2.mp4,06,Bala,03,2
/data/popo/Sinalizador03/Canon/06BalaSinalizador03-3.mp4,06,Bala,03,3
/data/popo/Sinalizador03/Canon/06BalaSinalizador03-4.mp4,06,Bala,03,4
/data/popo/Sinalizador03/Canon/06BalaSinalizador03-5.mp4,06,Bala,03,5
/data/popo/Sinalizador04/Canon/06BalaSinalizador04-1.mp4,06,Bala,04,1
/data/popo/Sinalizador04/Canon/06BalaSinalizador04-2.mp4,06,Bala,04,2
/data/popo/Sinalizador04/Canon/06BalaSinalizador04-3.mp4,06,Bala,04,3
/data/popo/Sinalizador04/Canon/06BalaSinalizador04-4.mp4,06,Bala,04,4
/data/popo/Sinalizador04/Canon/06BalaSinalizador04-5.mp4,06,Bala,04,5
/data/popo/Sinalizador05/Canon/06BalaSinalizador05-1.mp4,06,Bala,05,1
/data/popo/Sinalizador05/Canon/06BalaSinalizador05-2.mp4,06,Bala,05,2
/data/popo/Sinalizador05/Canon/06BalaSinalizador05-3.mp4,06,Bala,05,3
/data/popo/Sinalizador05/Canon/06BalaSinalizador05-4.mp4,06,Bala,05,4
/data/popo/Sinalizador05/Canon/06BalaSinalizador05-5.mp4,06,Bala,05,5
/data/popo/Sinalizador06/Canon/06BalaSinalizador06-1.mp4,06,Bala,06,1
/data/popo/Sinalizador06/Canon/06BalaSinalizador06-2.mp4,06,Bala,06,2
/data/popo/Sinalizador06/Canon/06BalaSinalizador06-3.mp4,06,Bala,06,3
/data/popo/Sinalizador06/Canon/06BalaSinalizador06-4.mp4,06,Bala,06,4
/data/popo/Sinalizador06/Canon/06BalaSinalizador06-5.mp4,06,Bala,06,5
/data/popo/Sinalizador07/Canon/06BalaSinalizador07-1.mp4,06,Bala,07,1
/data/popo/Sinalizador07/Canon/06BalaSinalizador07-2.mp4,06,Bala,07,2
/data/popo/Sinalizador07/Canon/06BalaSinalizador07-3.mp4,06,Bala,07,3
/data/popo/Sinalizador07/Canon/06BalaSinalizador07-4.mp4,06,Bala,07,4
/data/popo/Sinalizador07/Canon/06BalaSinalizador07-5.mp4,06,Bala,07,5
/data/popo/Sinalizador08/Canon/06BalaSinalizador08-1.mp4,06,Bala,08,1
/data/popo/Sinalizador08/Canon/06BalaSinalizador08-2.mp4,06,Bala,08,2
/data/popo/Sinalizador08/Canon/06BalaSinalizador08-3.mp4,06,Bala,08,3
/data/popo/Sinalizador08/Canon/06BalaSinalizador08-4.mp4,06,Bala,08,4
/data/popo/Sinalizador08/Canon/06BalaSinalizador08-5.mp4,06,Bala,08,5
/data/popo/Sinalizador09/Canon/06BalaSinalizador09-1.mp4,06,Bala,09,1
/data/popo/Sinalizador09/Canon/06BalaSinalizador09-2.mp4,06,Bala,09,2
/data/popo/Sinalizador09/Canon/06BalaSinalizador09-3.mp4,06,Bala,09,3
/data/popo/Sinalizador09/Canon/06BalaSinalizador09-4.mp4,06,Bala,09,4
/data/popo/Sinalizador09/Canon/06BalaSinalizador09-5.mp4,06,Bala,09,5
/data/popo/Sinalizador10/Canon/06BalaSinalizador10-1.mp4,06,Bala,10,1
/data/popo/Sinalizador10/Canon/06BalaSinalizador10-2.mp4,06,Bala,10,2
/data/popo/Sinalizador10/Canon/06BalaSinalizador10-3.mp4,06,Bala,10,3
/data/popo/Sinalizador10/Canon/06BalaSinalizador10-4.mp4,06,Bala,10,4
/data/popo/Sinalizador10/Canon/06BalaSinalizador10-5.mp4,06,Bala,10,5
/data/popo/Sinalizador11/Canon/06BalaSinalizador11-1.mp4,06,Bala,11,1
/data/popo/Sinalizador11/Canon/06BalaSinalizador11-2.mp4,06,Bala,11,2
/data/popo/Sinalizador11/Canon/06BalaSinalizador11-3.mp4,06,Bala,11,3
/data/popo/Sinalizador11/Canon/06BalaSinalizador11-4.mp4,06,Bala,11,4
/data/popo/Sinalizador11/Canon/06BalaSinalizador11-5.mp4,06,Bala,11,5
/data/popo/Sinalizador12/Canon/06BalaSinalizador12-1.mp4,06,Bala,12,1
/data/popo/Sinalizador12/Canon/06BalaSinalizador12-2.mp4,06,Bala,12,2
/data/popo/Sinalizador12/Canon/06BalaSinalizador12-3.mp4,06,Bala,12,3
/data/popo/Sinalizador12/Canon/06BalaSinalizador12-4.mp4,06,Bala,12,4
/data/popo/Sinalizador12/Canon/06BalaSinalizador12-5.mp4,06,Bala,12,5
/data/popo/Sinalizador01/Canon/07BancoSinalizador01-1.mp4,07,Banco,01,1
/data/popo/Sinalizador01/Canon/07BancoSinalizador01-2.mp4,07,Banco,01,2
/data/popo/Sinalizador01/Canon/07BancoSinalizador01-3.mp4,07,Banco,01,3
/data/popo/Sinalizador01/Canon/07BancoSinalizador01-4.mp4,07,Banco,01,4
/data/popo/Sinalizador01/Canon/07BancoSinalizador01-5.mp4,07,Banco,01,5
/data/popo/Sinalizador02/Canon/07BancoSinalizador02-1.mp4,07,Banco,02,1
/data/popo/Sinalizador02/Canon/07BancoSinalizador02-2.mp4,07,Banco,02,2
/data/popo/Sinalizador02/Canon/07BancoSinalizador02-3.mp4,07,Banco,02,3
/data/popo/Sinalizador02/Canon/07BancoSinalizador02-4.mp4,07,Banco,02,4
/data/popo/Sinalizador02/Canon/07BancoSinalizador02-5.mp4,07,Banco,02,5
/data/popo/Sinalizador03/Canon/07BancoSinalizador03-1.mp4,07,Banco,03,1
/data/popo/Sinalizador03/Canon/07BancoSinalizador03-2.mp4,07,Banco,03,2
/data/popo/Sinalizador03/Canon/07BancoSinalizador03-3.mp4,07,Banco,03,3
/data/popo/Sinalizador03/Canon/07BancoSinalizador03-4.mp4,07,Banco,03,4
/data/popo/Sinalizador03/Canon/07BancoSinalizador03-5.mp4,07,Banco,03,5
/data/popo/Sinalizador04/Canon/07BancoSinalizador04-1.mp4,07,Banco,04,1
/data/popo/Sinalizador04/Canon/07BancoSinalizador04-2.mp4,07,Banco,04,2
/data/popo/Sinalizador04/Canon/07BancoSinalizador04-3.mp4,07,Banco,04,3
/data/popo/Sinalizador04/Canon/07BancoSinalizador04-4.mp4,07,Banco,04,4
/data/popo/Sinalizador04/Canon/07BancoSinalizador04-5.mp4,07,Banco,04,5
/data/popo/Sinalizador05/Canon/07BancoSinalizador05-1.mp4,07,Banco,05,1
/data/popo/Sinalizador05/Canon/07BancoSinalizador05-2.mp4,07,Banco,05,2
/data/popo/Sinalizador05/Canon/07BancoSinalizador05-3.mp4,07,Banco,05,3
/data/popo/Sinalizador05/Canon/07BancoSinalizador05-4.mp4,07,Banco,05,4
/data/popo/Sinalizador05/Canon/07BancoSinalizador05-5.mp4,07,Banco,05,5
/data/popo/Sinalizador06/Canon/07BancoSinalizador06-1.mp4,07,Banco,06,1
/data/popo/Sinalizador06/Canon/07BancoSinalizador06-2.mp4,07,Banco,06,2
/data/popo/Sinalizador06/Canon/07BancoSinalizador06-3.mp4,07,Banco,06,3
/data/popo/Sinalizador06/Canon/07BancoSinalizador06-4.mp4,07,Banco,06,4
/data/popo/Sinalizador06/Canon/07BancoSinalizador06-5.mp4,07,Banco,06,5
/data/popo/Sinalizador07/Canon/07BancoSinalizador07-1.mp4,07,Banco,07,1
/data/popo/Sinalizador07/Canon/07BancoSinalizador07-2.mp4,07,Banco,07,2
/data/popo/Sinalizador07/Canon/07BancoSinalizador07-3.mp4,07,Banco,07,3
/data/popo/Sinalizador07/Canon/07BancoSinalizador07-4.mp4,07,Banco,07,4
/data/popo/Sinalizador07/Canon/07BancoSinalizador07-5.mp4,07,Banco,07,5
/data/popo/Sinalizador08/Canon/07BancoSinalizador08-1.mp4,07,Banco,08,1
/data/popo/Sinalizador08/Canon/07BancoSinalizador08-2.mp4,07,Banco,08,2
/data/popo/Sinalizador08/Canon/07BancoSinalizador08-3.mp4,07,Banco,08,3
/data/popo/Sinalizador08/Canon/07BancoSinalizador08-4.mp4,07,Banco,08,4
/data/popo/Sinalizador08/Canon/07BancoSinalizador08-5.mp4,07,Banco,08,5
/data/popo/Sinalizador09/Canon/07BancoSinalizador09-1.mp4,07,Banco,09,1
/data/popo/Sinalizador09/Canon/07BancoSinalizador09-2.mp4,07,Banco,09,2
/data/popo/Sinalizador09/Canon/07BancoSinalizador09-3.mp4,07,Banco,09,3
/data/popo/Sinalizador09/Canon/07BancoSinalizador09-4.mp4,07,Banco,09,4
/data/popo/Sinalizador09/Canon/07BancoSinalizador09-5.mp4,07,Banco,09,5
/data/popo/Sinalizador10/Canon/07BancoSinalizador10-1.mp4,07,Banco,10,1
/data/popo/Sinalizador10/Canon/07BancoSinalizador10-2.mp4,07,Banco,10,2
/data/popo/Sinalizador10/Canon/07BancoSinalizador10-3.mp4,07,Banco,10,3
/data/popo/Sinalizador10/Canon/07BancoSinalizador10-4.mp4,07,Banco,10,4
/data/popo/Sinalizador10/Canon/07BancoSinalizador10-5.mp4,07,Banco,10,5
/data/popo/Sinalizador11/Canon/07BancoSinalizador11-1.mp4,07,Banco,11,1
/data/popo/Sinalizador11/Canon/07BancoSinalizador11-2.mp4,07,Banco,11,2
/data/popo/Sinalizador11/Canon/07BancoSinalizador11-3.mp4,07,Banco,11,3
/data/popo/Sinalizador11/Canon/07BancoSinalizador11-4.mp4,07,Banco,11,4
/data/popo/Sinalizador11/Canon/07BancoSinalizador11-5.mp4,07,Banco,11,5
/data/popo/Sinalizador12/Canon/07BancoSinalizador12-1.mp4,07,Banco,12,1
/data/popo/Sinalizador12/Canon/07BancoSinalizador12-2.mp4,07,Banco,12,2
/data/popo/Sinalizador12/Canon/07BancoSinalizador12-3.mp4,07,Banco,12,3
/data/popo/Sinalizador12/Canon/07BancoSinalizador12-4.mp4,07,Banco,12,4
/data/popo/Sinalizador12/Canon/07BancoSinalizador12-5.mp4,07,Banco,12,5
/data/popo/Sinalizador01/Canon/08BanheiroSinalizador01-1.mp4,08,Banheiro,01,1
/data/popo/Sinalizador01/Canon/08BanheiroSinalizador01-2.mp4,08,Banheiro,01,2
/data/popo/Sinalizador01/Canon/08BanheiroSinalizador01-3.mp4,08,Banheiro,01,3
/data/popo/Sinalizador01/Canon/08BanheiroSinalizador01-4.mp4,08,Banheiro,01,4
/data/popo/Sinalizador01/Canon/08BanheiroSinalizador01-5.mp4,08,Banheiro,01,5
/data/popo/Sinalizador02/Canon/08BanheiroSinalizador02-1.mp4,08,Banheiro,02,1
/data/popo/Sinalizador02/Canon/08BanheiroSinalizador02-2.mp4,08,Banheiro,02,2
/data/popo/Sinalizador02/Canon/08BanheiroSinalizador02-3.mp4,08,Banheiro,02,3
/data/popo/Sinalizador02/Canon/08BanheiroSinalizador02-4.mp4,08,Banheiro,02,4
/data/popo/Sinalizador02/Canon/08BanheiroSinalizador02-5.mp4,08,Banheiro,02,5
/data/popo/Sinalizador03/Canon/08BanheiroSinalizador03-1.mp4,08,Banheiro,03,1
/data/popo/Sinalizador03/Canon/08BanheiroSinalizador03-2.mp4,08,Banheiro,03,2
/data/popo/Sinalizador03/Canon/08BanheiroSinalizador03-3.mp4,08,Banheiro,03,3
/data/popo/Sinalizador03/Canon/08BanheiroSinalizador03-4.mp4,08,Banheiro,03,4
/data/popo/Sinalizador03/Canon/08BanheiroSinalizador03-5.mp4,08,Banheiro,03,5
/data/popo/Sinalizador04/Canon/08BanheiroSinalizador04-1.mp4,08,Banheiro,04,1
/data/popo/Sinalizador04/Canon/08BanheiroSinalizador04-2.mp4,08,Banheiro,04,2
/data/popo/Sinalizador04/Canon/08BanheiroSinalizador04-3.mp4,08,Banheiro,04,3
/data/popo/Sinalizador04/Canon/08BanheiroSinalizador04-4.mp4,08,Banheiro,04,4
/data/popo/Sinalizador04/Canon/08BanheiroSinalizador04-5.mp4,08,Banheiro,04,5
/data/popo/Sinalizador05/Canon/08BanheiroSinalizador05-1.mp4,08,Banheiro,05,1
/data/popo/Sinalizador05/Canon/08BanheiroSinalizador05-2.mp4,08,Banheiro,05,2
/data/popo/Sinalizador05/Canon/08BanheiroSinalizador05-3.mp4,08,Banheiro,05,3
/data/popo/Sinalizador05/Canon/08BanheiroSinalizador05-4.mp4,08,Banheiro,05,4
/data/popo/Sinalizador05/Canon/08BanheiroSinalizador05-5.mp4,08,Banheiro,05,5
/data/popo/Sinalizador06/Canon/08BanheiroSinalizador06-1.mp4,08,Banheiro,06,1
/data/popo/Sinalizador06/Canon/08BanheiroSinalizador06-2.mp4,08,Banheiro,06,2
/data/popo/Sinalizador06/Canon/08BanheiroSinalizador06-3.mp4,08,Banheiro,06,3
/data/popo/Sinalizador06/Canon/08BanheiroSinalizador06-4.mp4,08,Banheiro,06,4
/data/popo/Sinalizador06/Canon/08BanheiroSinalizador06-5.mp4,08,Banheiro,06,5
/data/popo/Sinalizador07/Canon/08BanheiroSinalizador07-1.mp4,08,Banheiro,07,1
/data/popo/Sinalizador07/Canon/08BanheiroSinalizador07-2.mp4,08,Banheiro,07,2
/data/popo/Sinalizador07/Canon/08BanheiroSinalizador07-3.mp4,08,Banheiro,07,3
/data/popo/Sinalizador07/Canon/08BanheiroSinalizador07-4.mp4,08,Banheiro,07,4
/data/popo/Sinalizador07/Canon/08BanheiroSinalizador07-5.mp4,08,Banheiro,07,5
/data/popo/Sinalizador08/Canon/08BanheiroSinalizador08-1.mp4,08,Banheiro,08,1
/data/popo/Sinalizador08/Canon/08BanheiroSinalizador08-2.mp4,08,Banheiro,08,2
/data/popo/Sinalizador08/Canon/08BanheiroSinalizador08-3.mp4,08,Banheiro,08,3
/data/popo/Sinalizador08/Canon/08BanheiroSinalizador08-4.mp4,08,Banheiro,08,4
/data/popo/Sinalizador08/Canon/08BanheiroSinalizador08-5.mp4,08,Banheiro,08,5
/data/popo/Sinalizador10/Canon/08BanheiroSinalizador10-1.mp4,08,Banheiro,10,1
/data/popo/Sinalizador10/Canon/08BanheiroSinalizador10-2.mp4,08,Banheiro,10,2
/data/popo/Sinalizador10/Canon/08BanheiroSinalizador10-3.mp4,08,Banheiro,10,3
/data/popo/Sinalizador10/Canon/08BanheiroSinalizador10-4.mp4,08,Banheiro,10,4
/data/popo/Sinalizador10/Canon/08BanheiroSinalizador10-5.mp4,08,Banheiro,10,5
/data/popo/Sinalizador11/Canon/08BanheiroSinalizador11-1.mp4,08,Banheiro,11,1
/data/popo/Sinalizador11/Canon/08BanheiroSinalizador11-2.mp4,08,Banheiro,11,2
/data/popo/Sinalizador11/Canon/08BanheiroSinalizador11-3.mp4,08,Banheiro,11,3
/data/popo/Sinalizador11/Canon/08BanheiroSinalizador11-4.mp4,08,Banheiro,11,4
/data/popo/Sinalizador11/Canon/08BanheiroSinalizador11-5.mp4,08,Banheiro,11,5
/data/popo/Sinalizador12/Canon/08BanheiroSinalizador12-1.mp4,08,Banheiro,12,1
/data/popo/Sinalizador12/Canon/08BanheiroSinalizador12-2.mp4,08,Banheiro,12,2
/data/popo/Sinalizador12/Canon/08BanheiroSinalizador12-3.mp4,08,Banheiro,12,3
/data/popo/Sinalizador12/Canon/08BanheiroSinalizador12-4.mp4,08,Banheiro,12,4
/data/popo/Sinalizador12/Canon/08BanheiroSinalizador12-5.mp4,08,Banheiro,12,5
/data/popo/Sinalizador01/Canon/09BarulhoSinalizador01-1.mp4,09,Barulho,01,1
/data/popo/Sinalizador01/Canon/09BarulhoSinalizador01-2.mp4,09,Barulho,01,2
/data/popo/Sinalizador01/Canon/09BarulhoSinalizador01-3.mp4,09,Barulho,01,3
/data/popo/Sinalizador01/Canon/09BarulhoSinalizador01-4.mp4,09,Barulho,01,4
/data/popo/Sinalizador01/Canon/09BarulhoSinalizador01-5.mp4,09,Barulho,01,5
/data/popo/Sinalizador02/Canon/09BarulhoSinalizador02-1.mp4,09,Barulho,02,1
/data/popo/Sinalizador02/Canon/09BarulhoSinalizador02-2.mp4,09,Barulho,02,2
/data/popo/Sinalizador02/Canon/09BarulhoSinalizador02-3.mp4,09,Barulho,02,3
/data/popo/Sinalizador02/Canon/09BarulhoSinalizador02-4.mp4,09,Barulho,02,4
/data/popo/Sinalizador02/Canon/09BarulhoSinalizador02-5.mp4,09,Barulho,02,5
/data/popo/Sinalizador03/Canon/09BarulhoSinalizador03-1.mp4,09,Barulho,03,1
/data/popo/Sinalizador03/Canon/09BarulhoSinalizador03-2.mp4,09,Barulho,03,2
/data/popo/Sinalizador03/Canon/09BarulhoSinalizador03-3.mp4,09,Barulho,03,3
/data/popo/Sinalizador03/Canon/09BarulhoSinalizador03-4.mp4,09,Barulho,03,4
/data/popo/Sinalizador03/Canon/09BarulhoSinalizador03-5.mp4,09,Barulho,03,5
/data/popo/Sinalizador04/Canon/09BarulhoSinalizador04-1.mp4,09,Barulho,04,1
/data/popo/Sinalizador04/Canon/09BarulhoSinalizador04-2.mp4,09,Barulho,04,2
/data/popo/Sinalizador04/Canon/09BarulhoSinalizador04-3.mp4,09,Barulho,04,3
/data/popo/Sinalizador04/Canon/09BarulhoSinalizador04-4.mp4,09,Barulho,04,4
/data/popo/Sinalizador04/Canon/09BarulhoSinalizador04-5.mp4,09,Barulho,04,5
/data/popo/Sinalizador05/Canon/09BarulhoSinalizador05-1.mp4,09,Barulho,05,1
/data/popo/Sinalizador05/Canon/09BarulhoSinalizador05-2.mp4,09,Barulho,05,2
/data/popo/Sinalizador05/Canon/09BarulhoSinalizador05-3.mp4,09,Barulho,05,3
/data/popo/Sinalizador05/Canon/09BarulhoSinalizador05-4.mp4,09,Barulho,05,4
/data/popo/Sinalizador05/Canon/09BarulhoSinalizador05-5.mp4,09,Barulho,05,5
/data/popo/Sinalizador06/Canon/09BarulhoSinalizador06-1.mp4,09,Barulho,06,1
/data/popo/Sinalizador06/Canon/09BarulhoSinalizador06-2.mp4,09,Barulho,06,2
/data/popo/Sinalizador06/Canon/09BarulhoSinalizador06-3.mp4,09,Barulho,06,3
/data/popo/Sinalizador06/Canon/09BarulhoSinalizador06-4.mp4,09,Barulho,06,4
/data/popo/Sinalizador06/Canon/09BarulhoSinalizador06-5.mp4,09,Barulho,06,5
/data/popo/Sinalizador07/Canon/09BarulhoSinalizador07-1.mp4,09,Barulho,07,1
/data/popo/Sinalizador07/Canon/09BarulhoSinalizador07-2.mp4,09,Barulho,07,2
/data/popo/Sinalizador07/Canon/09BarulhoSinalizador07-3.mp4,09,Barulho,07,3
/data/popo/Sinalizador07/Canon/09BarulhoSinalizador07-4.mp4,09,Barulho,07,4
/data/popo/Sinalizador07/Canon/09BarulhoSinalizador07-5.mp4,09,Barulho,07,5
/data/popo/Sinalizador07/Canon/09BarulhoSinalizador07-6.mp4,09,Barulho,07,6
/data/popo/Sinalizador07/Canon/09BarulhoSinalizador07-7.mp4,09,Barulho,07,7
/data/popo/Sinalizador08/Canon/09BarulhoSinalizador08-1.mp4,09,Barulho,08,1
/data/popo/Sinalizador08/Canon/09BarulhoSinalizador08-2.mp4,09,Barulho,08,2
/data/popo/Sinalizador08/Canon/09BarulhoSinalizador08-3.mp4,09,Barulho,08,3
/data/popo/Sinalizador08/Canon/09BarulhoSinalizador08-4.mp4,09,Barulho,08,4
/data/popo/Sinalizador08/Canon/09BarulhoSinalizador08-5.mp4,09,Barulho,08,5
/data/popo/Sinalizador09/Canon/09BarulhoSinalizador09-1.mp4,09,Barulho,09,1
/data/popo/Sinalizador09/Canon/09BarulhoSinalizador09-2.mp4,09,Barulho,09,2
/data/popo/Sinalizador09/Canon/09BarulhoSinalizador09-3.mp4,09,Barulho,09,3
/data/popo/Sinalizador09/Canon/09BarulhoSinalizador09-4.mp4,09,Barulho,09,4
/data/popo/Sinalizador09/Canon/09BarulhoSinalizador09-5.mp4,09,Barulho,09,5
/data/popo/Sinalizador10/Canon/09BarulhoSinalizador10-1.mp4,09,Barulho,10,1
/data/popo/Sinalizador10/Canon/09BarulhoSinalizador10-2.mp4,09,Barulho,10,2
/data/popo/Sinalizador10/Canon/09BarulhoSinalizador10-3.mp4,09,Barulho,10,3
/data/popo/Sinalizador10/Canon/09BarulhoSinalizador10-4.mp4,09,Barulho,10,4
/data/popo/Sinalizador10/Canon/09BarulhoSinalizador10-5.mp4,09,Barulho,10,5
/data/popo/Sinalizador11/Canon/09BarulhoSinalizador11-1.mp4,09,Barulho,11,1
/data/popo/Sinalizador11/Canon/09BarulhoSinalizador11-2.mp4,09,Barulho,11,2
/data/popo/Sinalizador11/Canon/09BarulhoSinalizador11-3.mp4,09,Barulho,11,3
/data/popo/Sinalizador11/Canon/09BarulhoSinalizador11-4.mp4,09,Barulho,11,4
/data/popo/Sinalizador11/Canon/09BarulhoSinalizador11-5.mp4,09,Barulho,11,5
/data/popo/Sinalizador12/Canon/09BarulhoSinalizador12-1.mp4,09,Barulho,12,1
/data/popo/Sinalizador12/Canon/09BarulhoSinalizador12-2.mp4,09,Barulho,12,2
/data/popo/Sinalizador12/Canon/09BarulhoSinalizador12-3.mp4,09,Barulho,12,3
/data/popo/Sinalizador12/Canon/09BarulhoSinalizador12-4.mp4,09,Barulho,12,4
/data/popo/Sinalizador12/Canon/09BarulhoSinalizador12-5.mp4,09,Barulho,12,5
/data/popo/Sinalizador01/Canon/10CincoSinalizador01-1.mp4,10,Cinco,01,1
/data/popo/Sinalizador01/Canon/10CincoSinalizador01-2.mp4,10,Cinco,01,2
/data/popo/Sinalizador01/Canon/10CincoSinalizador01-3.mp4,10,Cinco,01,3
/data/popo/Sinalizador01/Canon/10CincoSinalizador01-4.mp4,10,Cinco,01,4
/data/popo/Sinalizador01/Canon/10CincoSinalizador01-5.mp4,10,Cinco,01,5
/data/popo/Sinalizador02/Canon/10CincoSinalizador02-1.mp4,10,Cinco,02,1
/data/popo/Sinalizador02/Canon/10CincoSinalizador02-2.mp4,10,Cinco,02,2
/data/popo/Sinalizador02/Canon/10CincoSinalizador02-3.mp4,10,Cinco,02,3
/data/popo/Sinalizador02/Canon/10CincoSinalizador02-4.mp4,10,Cinco,02,4
/data/popo/Sinalizador02/Canon/10CincoSinalizador02-5.mp4,10,Cinco,02,5
/data/popo/Sinalizador04/Canon/10CincoSinalizador04-1.mp4,10,Cinco,04,1
/data/popo/Sinalizador04/Canon/10CincoSinalizador04-2.mp4,10,Cinco,04,2
/data/popo/Sinalizador04/Canon/10CincoSinalizador04-3.mp4,10,Cinco,04,3
/data/popo/Sinalizador04/Canon/10CincoSinalizador04-4.mp4,10,Cinco,04,4
/data/popo/Sinalizador04/Canon/10CincoSinalizador04-5.mp4,10,Cinco,04,5
/data/popo/Sinalizador05/Canon/10CincoSinalizador05-1.mp4,10,Cinco,05,1
/data/popo/Sinalizador05/Canon/10CincoSinalizador05-2.mp4,10,Cinco,05,2
/data/popo/Sinalizador05/Canon/10CincoSinalizador05-3.mp4,10,Cinco,05,3
/data/popo/Sinalizador05/Canon/10CincoSinalizador05-4.mp4,10,Cinco,05,4
/data/popo/Sinalizador05/Canon/10CincoSinalizador05-5.mp4,10,Cinco,05,5
/data/popo/Sinalizador06/Canon/10CincoSinalizador06-1.mp4,10,Cinco,06,1
/data/popo/Sinalizador06/Canon/10CincoSinalizador06-2.mp4,10,Cinco,06,2
/data/popo/Sinalizador06/Canon/10CincoSinalizador06-3.mp4,10,Cinco,06,3
/data/popo/Sinalizador06/Canon/10CincoSinalizador06-4.mp4,10,Cinco,06,4
/data/popo/Sinalizador06/Canon/10CincoSinalizador06-5.mp4,10,Cinco,06,5
/data/popo/Sinalizador07/Canon/10CincoSinalizador07-1.mp4,10,Cinco,07,1
/data/popo/Sinalizador07/Canon/10CincoSinalizador07-2.mp4,10,Cinco,07,2
/data/popo/Sinalizador07/Canon/10CincoSinalizador07-3.mp4,10,Cinco,07,3
/data/popo/Sinalizador07/Canon/10CincoSinalizador07-4.mp4,10,Cinco,07,4
/data/popo/Sinalizador07/Canon/10CincoSinalizador07-5.mp4,10,Cinco,07,5
/data/popo/Sinalizador08/Canon/10CincoSinalizador08-1.mp4,10,Cinco,08,1
/data/popo/Sinalizador08/Canon/10CincoSinalizador08-2.mp4,10,Cinco,08,2
/data/popo/Sinalizador08/Canon/10CincoSinalizador08-3.mp4,10,Cinco,08,3
/data/popo/Sinalizador08/Canon/10CincoSinalizador08-4.mp4,10,Cinco,08,4
/data/popo/Sinalizador08/Canon/10CincoSinalizador08-5.mp4,10,Cinco,08,5
/data/popo/Sinalizador09/Canon/10CincoSinalizador09-1.mp4,10,Cinco,09,1
/data/popo/Sinalizador09/Canon/10CincoSinalizador09-2.mp4,10,Cinco,09,2
/data/popo/Sinalizador09/Canon/10CincoSinalizador09-3.mp4,10,Cinco,09,3
/data/popo/Sinalizador09/Canon/10CincoSinalizador09-4.mp4,10,Cinco,09,4
/data/popo/Sinalizador09/Canon/10CincoSinalizador09-5.mp4,10,Cinco,09,5
/data/popo/Sinalizador10/Canon/10CincoSinalizador10-1.mp4,10,Cinco,10,1
/data/popo/Sinalizador10/Canon/10CincoSinalizador10-2.mp4,10,Cinco,10,2
/data/popo/Sinalizador10/Canon/10CincoSinalizador10-3.mp4,10,Cinco,10,3
/data/popo/Sinalizador10/Canon/10CincoSinalizador10-4.mp4,10,Cinco,10,4
/data/popo/Sinalizador10/Canon/10CincoSinalizador10-5.mp4,10,Cinco,10,5
/data/popo/Sinalizador11/Canon/10CincoSinalizador11-1.mp4,10,Cinco,11,1
/data/popo/Sinalizador11/Canon/10CincoSinalizador11-2.mp4,10,Cinco,11,2
/data/popo/Sinalizador11/Canon/10CincoSinalizador11-3.mp4,10,Cinco,11,3
/data/popo/Sinalizador11/Canon/10CincoSinalizador11-4.mp4,10,Cinco,11,4
/data/popo/Sinalizador11/Canon/10CincoSinalizador11-5.mp4,10,Cinco,11,5
/data/popo/Sinalizador12/Canon/10CincoSinalizador12-1.mp4,10,Cinco,12,1
/data/popo/Sinalizador12/Canon/10CincoSinalizador12-2.mp4,10,Cinco,12,2
/data/popo/Sinalizador12/Canon/10CincoSinalizador12-3.mp4,10,Cinco,12,3
/data/popo/Sinalizador12/Canon/10CincoSinalizador12-4.mp4,10,Cinco,12,4
/data/popo/Sinalizador12/Canon/10CincoSinalizador12-5.mp4,10,Cinco,12,5
/data/popo/Sinalizador01/Canon/11ConhecerSinalizador01-1.mp4,11,Conhecer,01,1
/data/popo/Sinalizador01/Canon/11ConhecerSinalizador01-2.mp4,11,Conhecer,01,2
/data/popo/Sinalizador01/Canon/11ConhecerSinalizador01-3.mp4,11,Conhecer,01,3
/data/popo/Sinalizador01/Canon/11ConhecerSinalizador01-4.mp4,11,Conhecer,01,4
/data/popo/Sinalizador01/Canon/11ConhecerSinalizador01-5.mp4,11,Conhecer,01,5
/data/popo/Sinalizador02/Canon/11ConhecerSinalizador02-1.mp4,11,Conhecer,02,1
/data/popo/Sinalizador02/Canon/11ConhecerSinalizador02-2.mp4,11,Conhecer,02,2
/data/popo/Sinalizador02/Canon/11ConhecerSinalizador02-3.mp4,11,Conhecer,02,3
/data/popo/Sinalizador02/Canon/11ConhecerSinalizador02-4.mp4,11,Conhecer,02,4
/data/popo/Sinalizador02/Canon/11ConhecerSinalizador02-5.mp4,11,Conhecer,02,5
/data/popo/Sinalizador03/Canon/11ConhecerSinalizador03-1.mp4,11,Conhecer,03,1
/data/popo/Sinalizador03/Canon/11ConhecerSinalizador03-2.mp4,11,Conhecer,03,2
/data/popo/Sinalizador03/Canon/11ConhecerSinalizador03-3.mp4,11,Conhecer,03,3
/data/popo/Sinalizador03/Canon/11ConhecerSinalizador03-4.mp4,11,Conhecer,03,4
/data/popo/Sinalizador03/Canon/11ConhecerSinalizador03-5.mp4,11,Conhecer,03,5
/data/popo/Sinalizador04/Canon/11ConhecerSinalizador04-1.mp4,11,Conhecer,04,1
/data/popo/Sinalizador04/Canon/11ConhecerSinalizador04-2.mp4,11,Conhecer,04,2
/data/popo/Sinalizador04/Canon/11ConhecerSinalizador04-3.mp4,11,Conhecer,04,3
/data/popo/Sinalizador04/Canon/11ConhecerSinalizador04-4.mp4,11,Conhecer,04,4
/data/popo/Sinalizador04/Canon/11ConhecerSinalizador04-5.mp4,11,Conhecer,04,5
/data/popo/Sinalizador05/Canon/11ConhecerSinalizador05-1.mp4,11,Conhecer,05,1
/data/popo/Sinalizador05/Canon/11ConhecerSinalizador05-2.mp4,11,Conhecer,05,2
/data/popo/Sinalizador05/Canon/11ConhecerSinalizador05-3.mp4,11,Conhecer,05,3
/data/popo/Sinalizador05/Canon/11ConhecerSinalizador05-4.mp4,11,Conhecer,05,4
/data/popo/Sinalizador05/Canon/11ConhecerSinalizador05-5.mp4,11,Conhecer,05,5
/data/popo/Sinalizador06/Canon/11ConhecerSinalizador06-1.mp4,11,Conhecer,06,1
/data/popo/Sinalizador06/Canon/11ConhecerSinalizador06-2.mp4,11,Conhecer,06,2
/data/popo/Sinalizador06/Canon/11ConhecerSinalizador06-3.mp4,11,Conhecer,06,3
/data/popo/Sinalizador06/Canon/11ConhecerSinalizador06-4.mp4,11,Conhecer,06,4
/data/popo/Sinalizador06/Canon/11ConhecerSinalizador06-5.mp4,11,Conhecer,06,5
/data/popo/Sinalizador07/Canon/11ConhecerSinalizador07-1.mp4,11,Conhecer,07,1
/data/popo/Sinalizador07/Canon/11ConhecerSinalizador07-2.mp4,11,Conhecer,07,2
/data/popo/Sinalizador07/Canon/11ConhecerSinalizador07-3.mp4,11,Conhecer,07,3
/data/popo/Sinalizador07/Canon/11ConhecerSinalizador07-4.mp4,11,Conhecer,07,4
/data/popo/Sinalizador07/Canon/11ConhecerSinalizador07-5.mp4,11,Conhecer,07,5
/data/popo/Sinalizador08/Canon/11ConhecerSinalizador08-1.mp4,11,Conhecer,08,1
/data/popo/Sinalizador08/Canon/11ConhecerSinalizador08-2.mp4,11,Conhecer,08,2
/data/popo/Sinalizador08/Canon/11ConhecerSinalizador08-3.mp4,11,Conhecer,08,3
/data/popo/Sinalizador08/Canon/11ConhecerSinalizador08-4.mp4,11,Conhecer,08,4
/data/popo/Sinalizador08/Canon/11ConhecerSinalizador08-5.mp4,11,Conhecer,08,5
/data/popo/Sinalizador10/Canon/11ConhecerSinalizador10-1.mp4,11,Conhecer,10,1
/data/popo/Sinalizador10/Canon/11ConhecerSinalizador10-2.mp4,11,Conhecer,10,2
/data/popo/Sinalizador10/Canon/11ConhecerSinalizador10-3.mp4,11,Conhecer,10,3
/data/popo/Sinalizador10/Canon/11ConhecerSinalizador10-4.mp4,11,Conhecer,10,4
/data/popo/Sinalizador10/Canon/11ConhecerSinalizador10-5.mp4,11,Conhecer,10,5
/data/popo/Sinalizador11/Canon/11ConhecerSinalizador11-1.mp4,11,Conhecer,11,1
/data/popo/Sinalizador11/Canon/11ConhecerSinalizador11-2.mp4,11,Conhecer,11,2
/data/popo/Sinalizador11/Canon/11ConhecerSinalizador11-3.mp4,11,Conhecer,11,3
/data/popo/Sinalizador11/Canon/11ConhecerSinalizador11-4.mp4,11,Conhecer,11,4
/data/popo/Sinalizador11/Canon/11ConhecerSinalizador11-5.mp4,11,Conhecer,11,5
/data/popo/Sinalizador12/Canon/11ConhecerSinalizador12-1.mp4,11,Conhecer,12,1
/data/popo/Sinalizador12/Canon/11ConhecerSinalizador12-2.mp4,11,Conhecer,12,2
/data/popo/Sinalizador12/Canon/11ConhecerSinalizador12-3.mp4,11,Conhecer,12,3
/data/popo/Sinalizador12/Canon/11ConhecerSinalizador12-4.mp4,11,Conhecer,12,4
/data/popo/Sinalizador12/Canon/11ConhecerSinalizador12-5.mp4,11,Conhecer,12,5
/data/popo/Sinalizador01/Canon/12EspelhoSinalizador01-1.mp4,12,Espelho,01,1
/data/popo/Sinalizador01/Canon/12EspelhoSinalizador01-2.mp4,12,Espelho,01,2
/data/popo/Sinalizador01/Canon/12EspelhoSinalizador01-3.mp4,12,Espelho,01,3
/data/popo/Sinalizador01/Canon/12EspelhoSinalizador01-4.mp4,12,Espelho,01,4
/data/popo/Sinalizador01/Canon/12EspelhoSinalizador01-5.mp4,12,Espelho,01,5
/data/popo/Sinalizador02/Canon/12EspelhoSinalizador02-1.mp4,12,Espelho,02,1
/data/popo/Sinalizador02/Canon/12EspelhoSinalizador02-2.mp4,12,Espelho,02,2
/data/popo/Sinalizador02/Canon/12EspelhoSinalizador02-3.mp4,12,Espelho,02,3
/data/popo/Sinalizador02/Canon/12EspelhoSinalizador02-4.mp4,12,Espelho,02,4
/data/popo/Sinalizador02/Canon/12EspelhoSinalizador02-5.mp4,12,Espelho,02,5
/data/popo/Sinalizador03/Canon/12EspelhoSinalizador03-1.mp4,12,Espelho,03,1
/data/popo/Sinalizador03/Canon/12EspelhoSinalizador03-2.mp4,12,Espelho,03,2
/data/popo/Sinalizador03/Canon/12EspelhoSinalizador03-3.mp4,12,Espelho,03,3
/data/popo/Sinalizador03/Canon/12EspelhoSinalizador03-4.mp4,12,Espelho,03,4
/data/popo/Sinalizador03/Canon/12EspelhoSinalizador03-5.mp4,12,Espelho,03,5
/data/popo/Sinalizador04/Canon/12EspelhoSinalizador04-1.mp4,12,Espelho,04,1
/data/popo/Sinalizador04/Canon/12EspelhoSinalizador04-2.mp4,12,Espelho,04,2
/data/popo/Sinalizador04/Canon/12EspelhoSinalizador04-3.mp4,12,Espelho,04,3
/data/popo/Sinalizador04/Canon/12EspelhoSinalizador04-4.mp4,12,Espelho,04,4
/data/popo/Sinalizador04/Canon/12EspelhoSinalizador04-5.mp4,12,Espelho,04,5
/data/popo/Sinalizador05/Canon/12EspelhoSinalizador05-1.mp4,12,Espelho,05,1
/data/popo/Sinalizador05/Canon/12EspelhoSinalizador05-2.mp4,12,Espelho,05,2
/data/popo/Sinalizador05/Canon/12EspelhoSinalizador05-3.mp4,12,Espelho,05,3
/data/popo/Sinalizador05/Canon/12EspelhoSinalizador05-4.mp4,12,Espelho,05,4
/data/popo/Sinalizador05/Canon/12EspelhoSinalizador05-5.mp4,12,Espelho,05,5
/data/popo/Sinalizador06/Canon/12EspelhoSinalizador06-1.mp4,12,Espelho,06,1
/data/popo/Sinalizador06/Canon/12EspelhoSinalizador06-2.mp4,12,Espelho,06,2
/data/popo/Sinalizador06/Canon/12EspelhoSinalizador06-3.mp4,12,Espelho,06,3
/data/popo/Sinalizador06/Canon/12EspelhoSinalizador06-4.mp4,12,Espelho,06,4
/data/popo/Sinalizador06/Canon/12EspelhoSinalizador06-5.mp4,12,Espelho,06,5
/data/popo/Sinalizador07/Canon/12EspelhoSinalizador07-1.mp4,12,Espelho,07,1
/data/popo/Sinalizador07/Canon/12EspelhoSinalizador07-2.mp4,12,Espelho,07,2
/data/popo/Sinalizador07/Canon/12EspelhoSinalizador07-3.mp4,12,Espelho,07,3
/data/popo/Sinalizador07/Canon/12EspelhoSinalizador07-4.mp4,12,Espelho,07,4
/data/popo/Sinalizador07/Canon/12EspelhoSinalizador07-5.mp4,12,Espelho,07,5
/data/popo/Sinalizador08/Canon/12EspelhoSinalizador08-1.mp4,12,Espelho,08,1
/data/popo/Sinalizador08/Canon/12EspelhoSinalizador08-2.mp4,12,Espelho,08,2
/data/popo/Sinalizador08/Canon/12EspelhoSinalizador08-3.mp4,12,Espelho,08,3
/data/popo/Sinalizador08/Canon/12EspelhoSinalizador08-4.mp4,12,Espelho,08,4
/data/popo/Sinalizador08/Canon/12EspelhoSinalizador08-5.mp4,12,Espelho,08,5
/data/popo/Sinalizador09/Canon/12EspelhoSinalizador09-1.mp4,12,Espelho,09,1
/data/popo/Sinalizador09/Canon/12EspelhoSinalizador09-2.mp4,12,Espelho,09,2
/data/popo/Sinalizador09/Canon/12EspelhoSinalizador09-3.mp4,12,Espelho,09,3
/data/popo/Sinalizador09/Canon/12EspelhoSinalizador09-4.mp4,12,Espelho,09,4
/data/popo/Sinalizador09/Canon/12EspelhoSinalizador09-5.mp4,12,Espelho,09,5
/data/popo/Sinalizador10/Canon/12EspelhoSinalizador10-1.mp4,12,Espelho,10,1
/data/popo/Sinalizador10/Canon/12EspelhoSinalizador10-2.mp4,12,Espelho,10,2
/data/popo/Sinalizador10/Canon/12EspelhoSinalizador10-3.mp4,12,Espelho,10,3
/data/popo/Sinalizador10/Canon/12EspelhoSinalizador10-4.mp4,12,Espelho,10,4
/data/popo/Sinalizador10/Canon/12EspelhoSinalizador10-5.mp4,12,Espelho,10,5
/data/popo/Sinalizador11/Canon/12EspelhoSinalizador11-1.mp4,12,Espelho,11,1
/data/popo/Sinalizador11/Canon/12EspelhoSinalizador11-2.mp4,12,Espelho,11,2
/data/popo/Sinalizador11/Canon/12EspelhoSinalizador11-3.mp4,12,Espelho,11,3
/data/popo/Sinalizador11/Canon/12EspelhoSinalizador11-4.mp4,12,Espelho,11,4
/data/popo/Sinalizador11/Canon/12EspelhoSinalizador11-5.mp4,12,Espelho,11,5
/data/popo/Sinalizador12/Canon/12EspelhoSinalizador12-1.mp4,12,Espelho,12,1
/data/popo/Sinalizador12/Canon/12EspelhoSinalizador12-2.mp4,12,Espelho,12,2
/data/popo/Sinalizador12/Canon/12EspelhoSinalizador12-3.mp4,12,Espelho,12,3
/data/popo/Sinalizador12/Canon/12EspelhoSinalizador12-4.mp4,12,Espelho,12,4
/data/popo/Sinalizador12/Canon/12EspelhoSinalizador12-5.mp4,12,Espelho,12,5
/data/popo/Sinalizador01/Canon/13EsquinaSinalizador01-1.mp4,13,Esquina,01,1
/data/popo/Sinalizador01/Canon/13EsquinaSinalizador01-2.mp4,13,Esquina,01,2
/data/popo/Sinalizador01/Canon/13EsquinaSinalizador01-3.mp4,13,Esquina,01,3
/data/popo/Sinalizador01/Canon/13EsquinaSinalizador01-4.mp4,13,Esquina,01,4
/data/popo/Sinalizador01/Canon/13EsquinaSinalizador01-5.mp4,13,Esquina,01,5
/data/popo/Sinalizador02/Canon/13EsquinaSinalizador02-1.mp4,13,Esquina,02,1
/data/popo/Sinalizador02/Canon/13EsquinaSinalizador02-2.mp4,13,Esquina,02,2
/data/popo/Sinalizador02/Canon/13EsquinaSinalizador02-3.mp4,13,Esquina,02,3
/data/popo/Sinalizador02/Canon/13EsquinaSinalizador02-4.mp4,13,Esquina,02,4
/data/popo/Sinalizador02/Canon/13EsquinaSinalizador02-5.mp4,13,Esquina,02,5
/data/popo/Sinalizador03/Canon/13EsquinaSinalizador03-1.mp4,13,Esquina,03,1
/data/popo/Sinalizador03/Canon/13EsquinaSinalizador03-2.mp4,13,Esquina,03,2
/data/popo/Sinalizador03/Canon/13EsquinaSinalizador03-3.mp4,13,Esquina,03,3
/data/popo/Sinalizador03/Canon/13EsquinaSinalizador03-4.mp4,13,Esquina,03,4
/data/popo/Sinalizador03/Canon/13EsquinaSinalizador03-5.mp4,13,Esquina,03,5
/data/popo/Sinalizador04/Canon/13EsquinaSinalizador04-1.mp4,13,Esquina,04,1
/data/popo/Sinalizador04/Canon/13EsquinaSinalizador04-2.mp4,13,Esquina,04,2
/data/popo/Sinalizador04/Canon/13EsquinaSinalizador04-3.mp4,13,Esquina,04,3
/data/popo/Sinalizador04/Canon/13EsquinaSinalizador04-4.mp4,13,Esquina,04,4
/data/popo/Sinalizador04/Canon/13EsquinaSinalizador04-5.mp4,13,Esquina,04,5
/data/popo/Sinalizador05/Canon/13EsquinaSinalizador05-1.mp4,13,Esquina,05,1
/data/popo/Sinalizador05/Canon/13EsquinaSinalizador05-2.mp4,13,Esquina,05,2
/data/popo/Sinalizador05/Canon/13EsquinaSinalizador05-3.mp4,13,Esquina,05,3
/data/popo/Sinalizador05/Canon/13EsquinaSinalizador05-4.mp4,13,Esquina,05,4
/data/popo/Sinalizador05/Canon/13EsquinaSinalizador05-5.mp4,13,Esquina,05,5
/data/popo/Sinalizador06/Canon/13EsquinaSinalizador06-1.mp4,13,Esquina,06,1
/data/popo/Sinalizador06/Canon/13EsquinaSinalizador06-2.mp4,13,Esquina,06,2
/data/popo/Sinalizador06/Canon/13EsquinaSinalizador06-3.mp4,13,Esquina,06,3
/data/popo/Sinalizador06/Canon/13EsquinaSinalizador06-4.mp4,13,Esquina,06,4
/data/popo/Sinalizador06/Canon/13EsquinaSinalizador06-5.mp4,13,Esquina,06,5
/data/popo/Sinalizador07/Canon/13EsquinaSinalizador07-1.mp4,13,Esquina,07,1
/data/popo/Sinalizador07/Canon/13EsquinaSinalizador07-2.mp4,13,Esquina,07,2
/data/popo/Sinalizador07/Canon/13EsquinaSinalizador07-3.mp4,13,Esquina,07,3
/data/popo/Sinalizador07/Canon/13EsquinaSinalizador07-4.mp4,13,Esquina,07,4
/data/popo/Sinalizador07/Canon/13EsquinaSinalizador07-5.mp4,13,Esquina,07,5
/data/popo/Sinalizador08/Canon/13EsquinaSinalizador08-1.mp4,13,Esquina,08,1
/data/popo/Sinalizador08/Canon/13EsquinaSinalizador08-2.mp4,13,Esquina,08,2
/data/popo/Sinalizador08/Canon/13EsquinaSinalizador08-3.mp4,13,Esquina,08,3
/data/popo/Sinalizador08/Canon/13EsquinaSinalizador08-4.mp4,13,Esquina,08,4
/data/popo/Sinalizador08/Canon/13EsquinaSinalizador08-5.mp4,13,Esquina,08,5
/data/popo/Sinalizador10/Canon/13EsquinaSinalizador10-1.mp4,13,Esquina,10,1
/data/popo/Sinalizador10/Canon/13EsquinaSinalizador10-2.mp4,13,Esquina,10,2
/data/popo/Sinalizador10/Canon/13EsquinaSinalizador10-3.mp4,13,Esquina,10,3
/data/popo/Sinalizador10/Canon/13EsquinaSinalizador10-4.mp4,13,Esquina,10,4
/data/popo/Sinalizador10/Canon/13EsquinaSinalizador10-5.mp4,13,Esquina,10,5
/data/popo/Sinalizador11/Canon/13EsquinaSinalizador11-1.mp4,13,Esquina,11,1
/data/popo/Sinalizador11/Canon/13EsquinaSinalizador11-2.mp4,13,Esquina,11,2
/data/popo/Sinalizador11/Canon/13EsquinaSinalizador11-3.mp4,13,Esquina,11,3
/data/popo/Sinalizador11/Canon/13EsquinaSinalizador11-4.mp4,13,Esquina,11,4
/data/popo/Sinalizador11/Canon/13EsquinaSinalizador11-5.mp4,13,Esquina,11,5
/data/popo/Sinalizador12/Canon/13EsquinaSinalizador12-1.mp4,13,Esquina,12,1
/data/popo/Sinalizador12/Canon/13EsquinaSinalizador12-2.mp4,13,Esquina,12,2
/data/popo/Sinalizador12/Canon/13EsquinaSinalizador12-3.mp4,13,Esquina,12,3
/data/popo/Sinalizador12/Canon/13EsquinaSinalizador12-4.mp4,13,Esquina,12,4
/data/popo/Sinalizador12/Canon/13EsquinaSinalizador12-5.mp4,13,Esquina,12,5
/data/popo/Sinalizador01/Canon/14FilhoSinalizador01-1.mp4,14,Filho,01,1
/data/popo/Sinalizador01/Canon/14FilhoSinalizador01-2.mp4,14,Filho,01,2
/data/popo/Sinalizador01/Canon/14FilhoSinalizador01-3.mp4,14,Filho,01,3
/data/popo/Sinalizador01/Canon/14FilhoSinalizador01-4.mp4,14,Filho,01,4
/data/popo/Sinalizador01/Canon/14FilhoSinalizador01-5.mp4,14,Filho,01,5
/data/popo/Sinalizador02/Canon/14FilhoSinalizador02-1.mp4,14,Filho,02,1
/data/popo/Sinalizador02/Canon/14FilhoSinalizador02-2.mp4,14,Filho,02,2
/data/popo/Sinalizador02/Canon/14FilhoSinalizador02-3.mp4,14,Filho,02,3
/data/popo/Sinalizador02/Canon/14FilhoSinalizador02-4.mp4,14,Filho,02,4
/data/popo/Sinalizador02/Canon/14FilhoSinalizador02-5.mp4,14,Filho,02,5
/data/popo/Sinalizador03/Canon/14FilhoSinalizador03-1.mp4,14,Filho,03,1
/data/popo/Sinalizador03/Canon/14FilhoSinalizador03-2.mp4,14,Filho,03,2
/data/popo/Sinalizador03/Canon/14FilhoSinalizador03-3.mp4,14,Filho,03,3
/data/popo/Sinalizador03/Canon/14FilhoSinalizador03-4.mp4,14,Filho,03,4
/data/popo/Sinalizador03/Canon/14FilhoSinalizador03-5.mp4,14,Filho,03,5
/data/popo/Sinalizador05/Canon/14FilhoSinalizador05-1.mp4,14,Filho,05,1
/data/popo/Sinalizador05/Canon/14FilhoSinalizador05-2.mp4,14,Filho,05,2
/data/popo/Sinalizador05/Canon/14FilhoSinalizador05-3.mp4,14,Filho,05,3
/data/popo/Sinalizador05/Canon/14FilhoSinalizador05-4.mp4,14,Filho,05,4
/data/popo/Sinalizador05/Canon/14FilhoSinalizador05-5.mp4,14,Filho,05,5
/data/popo/Sinalizador06/Canon/14FilhoSinalizador06-1.mp4,14,Filho,06,1
/data/popo/Sinalizador06/Canon/14FilhoSinalizador06-2.mp4,14,Filho,06,2
/data/popo/Sinalizador06/Canon/14FilhoSinalizador06-3.mp4,14,Filho,06,3
/data/popo/Sinalizador06/Canon/14FilhoSinalizador06-4.mp4,14,Filho,06,4
/data/popo/Sinalizador06/Canon/14FilhoSinalizador06-5.mp4,14,Filho,06,5
/data/popo/Sinalizador07/Canon/14FilhoSinalizador07-1.mp4,14,Filho,07,1
/data/popo/Sinalizador07/Canon/14FilhoSinalizador07-2.mp4,14,Filho,07,2
/data/popo/Sinalizador07/Canon/14FilhoSinalizador07-3.mp4,14,Filho,07,3
/data/popo/Sinalizador07/Canon/14FilhoSinalizador07-4.mp4,14,Filho,07,4
/data/popo/Sinalizador07/Canon/14FilhoSinalizador07-5.mp4,14,Filho,07,5
/data/popo/Sinalizador07/Canon/14FilhoSinalizador07-6.mp4,14,Filho,07,6
/data/popo/Sinalizador08/Canon/14FilhoSinalizador08-1.mp4,14,Filho,08,1
/data/popo/Sinalizador08/Canon/14FilhoSinalizador08-2.mp4,14,Filho,08,2
/data/popo/Sinalizador08/Canon/14FilhoSinalizador08-3.mp4,14,Filho,08,3
/data/popo/Sinalizador08/Canon/14FilhoSinalizador08-4.mp4,14,Filho,08,4
/data/popo/Sinalizador08/Canon/14FilhoSinalizador08-5.mp4,14,Filho,08,5
/data/popo/Sinalizador09/Canon/14FilhoSinalizador09-1.mp4,14,Filho,09,1
/data/popo/Sinalizador09/Canon/14FilhoSinalizador09-2.mp4,14,Filho,09,2
/data/popo/Sinalizador09/Canon/14FilhoSinalizador09-3.mp4,14,Filho,09,3
/data/popo/Sinalizador09/Canon/14FilhoSinalizador09-4.mp4,14,Filho,09,4
/data/popo/Sinalizador09/Canon/14FilhoSinalizador09-5.mp4,14,Filho,09,5
/data/popo/Sinalizador10/Canon/14FilhoSinalizador10-1.mp4,14,Filho,10,1
/data/popo/Sinalizador10/Canon/14FilhoSinalizador10-2.mp4,14,Filho,10,2
/data/popo/Sinalizador10/Canon/14FilhoSinalizador10-3.mp4,14,Filho,10,3
/data/popo/Sinalizador10/Canon/14FilhoSinalizador10-4.mp4,14,Filho,10,4
/data/popo/Sinalizador10/Canon/14FilhoSinalizador10-5.mp4,14,Filho,10,5
/data/popo/Sinalizador11/Canon/14FilhoSinalizador11-1.mp4,14,Filho,11,1
/data/popo/Sinalizador11/Canon/14FilhoSinalizador11-2.mp4,14,Filho,11,2
/data/popo/Sinalizador11/Canon/14FilhoSinalizador11-3.mp4,14,Filho,11,3
/data/popo/Sinalizador11/Canon/14FilhoSinalizador11-4.mp4,14,Filho,11,4
/data/popo/Sinalizador11/Canon/14FilhoSinalizador11-5.mp4,14,Filho,11,5
/data/popo/Sinalizador12/Canon/14FilhoSinalizador12-1.mp4,14,Filho,12,1
/data/popo/Sinalizador12/Canon/14FilhoSinalizador12-2.mp4,14,Filho,12,2
/data/popo/Sinalizador12/Canon/14FilhoSinalizador12-3.mp4,14,Filho,12,3
/data/popo/Sinalizador12/Canon/14FilhoSinalizador12-4.mp4,14,Filho,12,4
/data/popo/Sinalizador12/Canon/14FilhoSinalizador12-5.mp4,14,Filho,12,5
/data/popo/Sinalizador01/Canon/15MacaSinalizador01-1.mp4,15,Maca,01,1
/data/popo/Sinalizador01/Canon/15MacaSinalizador01-2.mp4,15,Maca,01,2
/data/popo/Sinalizador01/Canon/15MacaSinalizador01-3.mp4,15,Maca,01,3
/data/popo/Sinalizador01/Canon/15MacaSinalizador01-4.mp4,15,Maca,01,4
/data/popo/Sinalizador01/Canon/15MacaSinalizador01-5.mp4,15,Maca,01,5
/data/popo/Sinalizador02/Canon/15MacaSinalizador02-1.mp4,15,Maca,02,1
/data/popo/Sinalizador02/Canon/15MacaSinalizador02-2.mp4,15,Maca,02,2
/data/popo/Sinalizador02/Canon/15MacaSinalizador02-3.mp4,15,Maca,02,3
/data/popo/Sinalizador02/Canon/15MacaSinalizador02-4.mp4,15,Maca,02,4
/data/popo/Sinalizador02/Canon/15MacaSinalizador02-5.mp4,15,Maca,02,5
/data/popo/Sinalizador03/Canon/15MacaSinalizador03-1.mp4,15,Maca,03,1
/data/popo/Sinalizador03/Canon/15MacaSinalizador03-2.mp4,15,Maca,03,2
/data/popo/Sinalizador03/Canon/15MacaSinalizador03-3.mp4,15,Maca,03,3
/data/popo/Sinalizador03/Canon/15MacaSinalizador03-4.mp4,15,Maca,03,4
/data/popo/Sinalizador03/Canon/15MacaSinalizador03-5.mp4,15,Maca,03,5
/data/popo/Sinalizador04/Canon/15MacaSinalizador04-1.mp4,15,Maca,04,1
/data/popo/Sinalizador04/Canon/15MacaSinalizador04-2.mp4,15,Maca,04,2
/data/popo/Sinalizador04/Canon/15MacaSinalizador04-3.mp4,15,Maca,04,3
/data/popo/Sinalizador04/Canon/15MacaSinalizador04-4.mp4,15,Maca,04,4
/data/popo/Sinalizador04/Canon/15MacaSinalizador04-5.mp4,15,Maca,04,5
/data/popo/Sinalizador05/Canon/15MacaSinalizador05-1.mp4,15,Maca,05,1
/data/popo/Sinalizador05/Canon/15MacaSinalizador05-2.mp4,15,Maca,05,2
/data/popo/Sinalizador05/Canon/15MacaSinalizador05-3.mp4,15,Maca,05,3
/data/popo/Sinalizador05/Canon/15MacaSinalizador05-4.mp4,15,Maca,05,4
/data/popo/Sinalizador05/Canon/15MacaSinalizador05-5.mp4,15,Maca,05,5
/data/popo/Sinalizador06/Canon/15MacaSinalizador06-1.mp4,15,Maca,06,1
/data/popo/Sinalizador06/Canon/15MacaSinalizador06-2.mp4,15,Maca,06,2
/data/popo/Sinalizador06/Canon/15MacaSinalizador06-3.mp4,15,Maca,06,3
/data/popo/Sinalizador06/Canon/15MacaSinalizador06-4.mp4,15,Maca,06,4
/data/popo/Sinalizador06/Canon/15MacaSinalizador06-5.mp4,15,Maca,06,5
/data/popo/Sinalizador07/Canon/15MacaSinalizador07-1.mp4,15,Maca,07,1
/data/popo/Sinalizador07/Canon/15MacaSinalizador07-2.mp4,15,Maca,07,2
/data/popo/Sinalizador07/Canon/15MacaSinalizador07-3.mp4,15,Maca,07,3
/data/popo/Sinalizador07/Canon/15MacaSinalizador07-4.mp4,15,Maca,07,4
/data/popo/Sinalizador07/Canon/15MacaSinalizador07-5.mp4,15,Maca,07,5
/data/popo/Sinalizador08/Canon/15MacaSinalizador08-1.mp4,15,Maca,08,1
/data/popo/Sinalizador08/Canon/15MacaSinalizador08-2.mp4,15,Maca,08,2
/data/popo/Sinalizador08/Canon/15MacaSinalizador08-3.mp4,15,Maca,08,3
/data/popo/Sinalizador08/Canon/15MacaSinalizador08-4.mp4,15,Maca,08,4
/data/popo/Sinalizador08/Canon/15MacaSinalizador08-5.mp4,15,Maca,08,5
/data/popo/Sinalizador09/Canon/15MacaSinalizador09-1.mp4,15,Maca,09,1
/data/popo/Sinalizador09/Canon/15MacaSinalizador09-2.mp4,15,Maca,09,2
/data/popo/Sinalizador09/Canon/15MacaSinalizador09-3.mp4,15,Maca,09,3
/data/popo/Sinalizador09/Canon/15MacaSinalizador09-4.mp4,15,Maca,09,4
/data/popo/Sinalizador09/Canon/15MacaSinalizador09-5.mp4,15,Maca,09,5
/data/popo/Sinalizador10/Canon/15MacaSinalizador10-1.mp4,15,Maca,10,1
/data/popo/Sinalizador10/Canon/15MacaSinalizador10-2.mp4,15,Maca,10,2
/data/popo/Sinalizador10/Canon/15MacaSinalizador10-3.mp4,15,Maca,10,3
/data/popo/Sinalizador10/Canon/15MacaSinalizador10-4.mp4,15,Maca,10,4
/data/popo/Sinalizador10/Canon/15MacaSinalizador10-5.mp4,15,Maca,10,5
/data/popo/Sinalizador11/Canon/15MacaSinalizador11-1.mp4,15,Maca,11,1
/data/popo/Sinalizador11/Canon/15MacaSinalizador11-2.mp4,15,Maca,11,2
/data/popo/Sinalizador11/Canon/15MacaSinalizador11-3.mp4,15,Maca,11,3
/data/popo/Sinalizador11/Canon/15MacaSinalizador11-4.mp4,15,Maca,11,4
/data/popo/Sinalizador11/Canon/15MacaSinalizador11-5.mp4,15,Maca,11,5
/data/popo/Sinalizador12/Canon/15MacaSinalizador12-1.mp4,15,Maca,12,1
/data/popo/Sinalizador12/Canon/15MacaSinalizador12-2.mp4,15,Maca,12,2
/data/popo/Sinalizador12/Canon/15MacaSinalizador12-3.mp4,15,Maca,12,3
/data/popo/Sinalizador12/Canon/15MacaSinalizador12-4.mp4,15,Maca,12,4
/data/popo/Sinalizador12/Canon/15MacaSinalizador12-5.mp4,15,Maca,12,5
/data/popo/Sinalizador01/Canon/16MedoSinalizador01-1.mp4,16,Medo,01,1
/data/popo/Sinalizador01/Canon/16MedoSinalizador01-2.mp4,16,Medo,01,2
/data/popo/Sinalizador01/Canon/16MedoSinalizador01-3.mp4,16,Medo,01,3
/data/popo/Sinalizador01/Canon/16MedoSinalizador01-4.mp4,16,Medo,01,4
/data/popo/Sinalizador01/Canon/16MedoSinalizador01-5.mp4,16,Medo,01,5
/data/popo/Sinalizador02/Canon/16MedoSinalizador02-1.mp4,16,Medo,02,1
/data/popo/Sinalizador02/Canon/16MedoSinalizador02-2.mp4,16,Medo,02,2
/data/popo/Sinalizador02/Canon/16MedoSinalizador02-3.mp4,16,Medo,02,3
/data/popo/Sinalizador02/Canon/16MedoSinalizador02-4.mp4,16,Medo,02,4
/data/popo/Sinalizador02/Canon/16MedoSinalizador02-5.mp4,16,Medo,02,5
/data/popo/Sinalizador03/Canon/16MedoSinalizador03-1.mp4,16,Medo,03,1
/data/popo/Sinalizador03/Canon/16MedoSinalizador03-2.mp4,16,Medo,03,2
/data/popo/Sinalizador03/Canon/16MedoSinalizador03-3.mp4,16,Medo,03,3
/data/popo/Sinalizador03/Canon/16MedoSinalizador03-4.mp4,16,Medo,03,4
/data/popo/Sinalizador03/Canon/16MedoSinalizador03-5.mp4,16,Medo,03,5
/data/popo/Sinalizador04/Canon/16MedoSinalizador04-1.mp4,16,Medo,04,1
/data/popo/Sinalizador04/Canon/16MedoSinalizador04-2.mp4,16,Medo,04,2
/data/popo/Sinalizador04/Canon/16MedoSinalizador04-3.mp4,16,Medo,04,3
/data/popo/Sinalizador04/Canon/16MedoSinalizador04-4.mp4,16,Medo,04,4
/data/popo/Sinalizador04/Canon/16MedoSinalizador04-5.mp4,16,Medo,04,5
/data/popo/Sinalizador05/Canon/16MedoSinalizador05-1.mp4,16,Medo,05,1
/data/popo/Sinalizador05/Canon/16MedoSinalizador05-2.mp4,16,Medo,05,2
/data/popo/Sinalizador05/Canon/16MedoSinalizador05-3.mp4,16,Medo,05,3
/data/popo/Sinalizador05/Canon/16MedoSinalizador05-4.mp4,16,Medo,05,4
/data/popo/Sinalizador05/Canon/16MedoSinalizador05-5.mp4,16,Medo,05,5
/data/popo/Sinalizador06/Canon/16MedoSinalizador06-1.mp4,16,Medo,06,1
/data/popo/Sinalizador06/Canon/16MedoSinalizador06-2.mp4,16,Medo,06,2
/data/popo/Sinalizador06/Canon/16MedoSinalizador06-3.mp4,16,Medo,06,3
/data/popo/Sinalizador06/Canon/16MedoSinalizador06-4.mp4,16,Medo,06,4
/data/popo/Sinalizador06/Canon/16MedoSinalizador06-5.mp4,16,Medo,06,5
/data/popo/Sinalizador07/Canon/16MedoSinalizador07-1.mp4,16,Medo,07,1
/data/popo/Sinalizador07/Canon/16MedoSinalizador07-2.mp4,16,Medo,07,2
/data/popo/Sinalizador07/Canon/16MedoSinalizador07-3.mp4,16,Medo,07,3
/data/popo/Sinalizador07/Canon/16MedoSinalizador07-4.mp4,16,Medo,07,4
/data/popo/Sinalizador07/Canon/16MedoSinalizador07-5.mp4,16,Medo,07,5
/data/popo/Sinalizador08/Canon/16MedoSinalizador08-1.mp4,16,Medo,08,1
/data/popo/Sinalizador08/Canon/16MedoSinalizador08-2.mp4,16,Medo,08,2
/data/popo/Sinalizador08/Canon/16MedoSinalizador08-3.mp4,16,Medo,08,3
/data/popo/Sinalizador08/Canon/16MedoSinalizador08-4.mp4,16,Medo,08,4
/data/popo/Sinalizador08/Canon/16MedoSinalizador08-5.mp4,16,Medo,08,5
/data/popo/Sinalizador10/Canon/16MedoSinalizador10-1.mp4,16,Medo,10,1
/data/popo/Sinalizador10/Canon/16MedoSinalizador10-2.mp4,16,Medo,10,2
/data/popo/Sinalizador10/Canon/16MedoSinalizador10-3.mp4,16,Medo,10,3
/data/popo/Sinalizador10/Canon/16MedoSinalizador10-4.mp4,16,Medo,10,4
/data/popo/Sinalizador10/Canon/16MedoSinalizador10-5.mp4,16,Medo,10,5
/data/popo/Sinalizador11/Canon/16MedoSinalizador11-1.mp4,16,Medo,11,1
/data/popo/Sinalizador11/Canon/16MedoSinalizador11-2.mp4,16,Medo,11,2
/data/popo/Sinalizador11/Canon/16MedoSinalizador11-3.mp4,16,Medo,11,3
/data/popo/Sinalizador11/Canon/16MedoSinalizador11-4.mp4,16,Medo,11,4
/data/popo/Sinalizador11/Canon/16MedoSinalizador11-5.mp4,16,Medo,11,5
/data/popo/Sinalizador12/Canon/16MedoSinalizador12-1.mp4,16,Medo,12,1
/data/popo/Sinalizador12/Canon/16MedoSinalizador12-2.mp4,16,Medo,12,2
/data/popo/Sinalizador12/Canon/16MedoSinalizador12-3.mp4,16,Medo,12,3
/data/popo/Sinalizador12/Canon/16MedoSinalizador12-4.mp4,16,Medo,12,4
/data/popo/Sinalizador12/Canon/16MedoSinalizador12-5.mp4,16,Medo,12,5
/data/popo/Sinalizador01/Canon/17RuimSinalizador01-1.mp4,17,Ruim,01,1
/data/popo/Sinalizador01/Canon/17RuimSinalizador01-2.mp4,17,Ruim,01,2
/data/popo/Sinalizador01/Canon/17RuimSinalizador01-3.mp4,17,Ruim,01,3
/data/popo/Sinalizador01/Canon/17RuimSinalizador01-4.mp4,17,Ruim,01,4
/data/popo/Sinalizador01/Canon/17RuimSinalizador01-5.mp4,17,Ruim,01,5
/data/popo/Sinalizador02/Canon/17RuimSinalizador02-1.mp4,17,Ruim,02,1
/data/popo/Sinalizador02/Canon/17RuimSinalizador02-2.mp4,17,Ruim,02,2
/data/popo/Sinalizador02/Canon/17RuimSinalizador02-3.mp4,17,Ruim,02,3
/data/popo/Sinalizador02/Canon/17RuimSinalizador02-4.mp4,17,Ruim,02,4
/data/popo/Sinalizador02/Canon/17RuimSinalizador02-5.mp4,17,Ruim,02,5
/data/popo/Sinalizador03/Canon/17RuimSinalizador03-1.mp4,17,Ruim,03,1
/data/popo/Sinalizador03/Canon/17RuimSinalizador03-2.mp4,17,Ruim,03,2
/data/popo/Sinalizador03/Canon/17RuimSinalizador03-3.mp4,17,Ruim,03,3
/data/popo/Sinalizador03/Canon/17RuimSinalizador03-4.mp4,17,Ruim,03,4
/data/popo/Sinalizador03/Canon/17RuimSinalizador03-5.mp4,17,Ruim,03,5
/data/popo/Sinalizador04/Canon/17RuimSinalizador04-1.mp4,17,Ruim,04,1
/data/popo/Sinalizador04/Canon/17RuimSinalizador04-2.mp4,17,Ruim,04,2
/data/popo/Sinalizador04/Canon/17RuimSinalizador04-3.mp4,17,Ruim,04,3
/data/popo/Sinalizador04/Canon/17RuimSinalizador04-4.mp4,17,Ruim,04,4
/data/popo/Sinalizador04/Canon/17RuimSinalizador04-5.mp4,17,Ruim,04,5
/data/popo/Sinalizador05/Canon/17RuimSinalizador05-1.mp4,17,Ruim,05,1
/data/popo/Sinalizador05/Canon/17RuimSinalizador05-2.mp4,17,Ruim,05,2
/data/popo/Sinalizador05/Canon/17RuimSinalizador05-3.mp4,17,Ruim,05,3
/data/popo/Sinalizador05/Canon/17RuimSinalizador05-4.mp4,17,Ruim,05,4
/data/popo/Sinalizador05/Canon/17RuimSinalizador05-5.mp4,17,Ruim,05,5
/data/popo/Sinalizador06/Canon/17RuimSinalizador06-1.mp4,17,Ruim,06,1
/data/popo/Sinalizador06/Canon/17RuimSinalizador06-2.mp4,17,Ruim,06,2
/data/popo/Sinalizador06/Canon/17RuimSinalizador06-3.mp4,17,Ruim,06,3
/data/popo/Sinalizador06/Canon/17RuimSinalizador06-4.mp4,17,Ruim,06,4
/data/popo/Sinalizador06/Canon/17RuimSinalizador06-5.mp4,17,Ruim,06,5
/data/popo/Sinalizador07/Canon/17RuimSinalizador07-1.mp4,17,Ruim,07,1
/data/popo/Sinalizador07/Canon/17RuimSinalizador07-2.mp4,17,Ruim,07,2
/data/popo/Sinalizador07/Canon/17RuimSinalizador07-3.mp4,17,Ruim,07,3
/data/popo/Sinalizador07/Canon/17RuimSinalizador07-4.mp4,17,Ruim,07,4
/data/popo/Sinalizador07/Canon/17RuimSinalizador07-5.mp4,17,Ruim,07,5
/data/popo/Sinalizador08/Canon/17RuimSinalizador08-1.mp4,17,Ruim,08,1
/data/popo/Sinalizador08/Canon/17RuimSinalizador08-2.mp4,17,Ruim,08,2
/data/popo/Sinalizador08/Canon/17RuimSinalizador08-3.mp4,17,Ruim,08,3
/data/popo/Sinalizador08/Canon/17RuimSinalizador08-4.mp4,17,Ruim,08,4
/data/popo/Sinalizador08/Canon/17RuimSinalizador08-5.mp4,17,Ruim,08,5
/data/popo/Sinalizador09/Canon/17RuimSinalizador09-1.mp4,17,Ruim,09,1
/data/popo/Sinalizador09/Canon/17RuimSinalizador09-2.mp4,17,Ruim,09,2
/data/popo/Sinalizador09/Canon/17RuimSinalizador09-3.mp4,17,Ruim,09,3
/data/popo/Sinalizador09/Canon/17RuimSinalizador09-4.mp4,17,Ruim,09,4
/data/popo/Sinalizador09/Canon/17RuimSinalizador09-5.mp4,17,Ruim,09,5
/data/popo/Sinalizador10/Canon/17RuimSinalizador10-1.mp4,17,Ruim,10,1
/data/popo/Sinalizador10/Canon/17RuimSinalizador10-2.mp4,17,Ruim,10,2
/data/popo/Sinalizador10/Canon/17RuimSinalizador10-3.mp4,17,Ruim,10,3
/data/popo/Sinalizador10/Canon/17RuimSinalizador10-4.mp4,17,Ruim,10,4
/data/popo/Sinalizador10/Canon/17RuimSinalizador10-5.mp4,17,Ruim,10,5
/data/popo/Sinalizador11/Canon/17RuimSinalizador11-1.mp4,17,Ruim,11,1
/data/popo/Sinalizador11/Canon/17RuimSinalizador11-2.mp4,17,Ruim,11,2
/data/popo/Sinalizador11/Canon/17RuimSinalizador11-3.mp4,17,Ruim,11,3
/data/popo/Sinalizador11/Canon/17RuimSinalizador11-4.mp4,17,Ruim,11,4
/data/popo/Sinalizador11/Canon/17RuimSinalizador11-5.mp4,17,Ruim,11,5
/data/popo/Sinalizador12/Canon/17RuimSinalizador12-1.mp4,17,Ruim,12,1
/data/popo/Sinalizador12/Canon/17RuimSinalizador12-2.mp4,17,Ruim,12,2
/data/popo/Sinalizador12/Canon/17RuimSinalizador12-3.mp4,17,Ruim,12,3
/data/popo/Sinalizador12/Canon/17RuimSinalizador12-4.mp4,17,Ruim,12,4
/data/popo/Sinalizador12/Canon/17RuimSinalizador12-5.mp4,17,Ruim,12,5
/data/popo/Sinalizador01/Canon/18SapoSinalizador01-1.mp4,18,Sapo,01,1
/data/popo/Sinalizador01/Canon/18SapoSinalizador01-2.mp4,18,Sapo,01,2
/data/popo/Sinalizador01/Canon/18SapoSinalizador01-3.mp4,18,Sapo,01,3
/data/popo/Sinalizador01/Canon/18SapoSinalizador01-4.mp4,18,Sapo,01,4
/data/popo/Sinalizador01/Canon/18SapoSinalizador01-5.mp4,18,Sapo,01,5
/data/popo/Sinalizador02/Canon/18SapoSinalizador02-1.mp4,18,Sapo,02,1
/data/popo/Sinalizador02/Canon/18SapoSinalizador02-2.mp4,18,Sapo,02,2
/data/popo/Sinalizador02/Canon/18SapoSinalizador02-3.mp4,18,Sapo,02,3
/data/popo/Sinalizador02/Canon/18SapoSinalizador02-4.mp4,18,Sapo,02,4
/data/popo/Sinalizador02/Canon/18SapoSinalizador02-5.mp4,18,Sapo,02,5
/data/popo/Sinalizador03/Canon/18SapoSinalizador03-1.mp4,18,Sapo,03,1
/data/popo/Sinalizador03/Canon/18SapoSinalizador03-2.mp4,18,Sapo,03,2
/data/popo/Sinalizador03/Canon/18SapoSinalizador03-3.mp4,18,Sapo,03,3
/data/popo/Sinalizador03/Canon/18SapoSinalizador03-4.mp4,18,Sapo,03,4
/data/popo/Sinalizador03/Canon/18SapoSinalizador03-5.mp4,18,Sapo,03,5
/data/popo/Sinalizador04/Canon/18SapoSinalizador04-1.mp4,18,Sapo,04,1
/data/popo/Sinalizador04/Canon/18SapoSinalizador04-2.mp4,18,Sapo,04,2
/data/popo/Sinalizador04/Canon/18SapoSinalizador04-3.mp4,18,Sapo,04,3
/data/popo/Sinalizador04/Canon/18SapoSinalizador04-4.mp4,18,Sapo,04,4
/data/popo/Sinalizador04/Canon/18SapoSinalizador04-5.mp4,18,Sapo,04,5
/data/popo/Sinalizador05/Canon/18SapoSinalizador05-1.mp4,18,Sapo,05,1
/data/popo/Sinalizador05/Canon/18SapoSinalizador05-2.mp4,18,Sapo,05,2
/data/popo/Sinalizador05/Canon/18SapoSinalizador05-3.mp4,18,Sapo,05,3
/data/popo/Sinalizador05/Canon/18SapoSinalizador05-4.mp4,18,Sapo,05,4
/data/popo/Sinalizador05/Canon/18SapoSinalizador05-5.mp4,18,Sapo,05,5
/data/popo/Sinalizador06/Canon/18SapoSinalizador06-1.mp4,18,Sapo,06,1
/data/popo/Sinalizador06/Canon/18SapoSinalizador06-2.mp4,18,Sapo,06,2
/data/popo/Sinalizador06/Canon/18SapoSinalizador06-3.mp4,18,Sapo,06,3
/data/popo/Sinalizador06/Canon/18SapoSinalizador06-4.mp4,18,Sapo,06,4
/data/popo/Sinalizador06/Canon/18SapoSinalizador06-5.mp4,18,Sapo,06,5
/data/popo/Sinalizador07/Canon/18SapoSinalizador07-1.mp4,18,Sapo,07,1
/data/popo/Sinalizador07/Canon/18SapoSinalizador07-2.mp4,18,Sapo,07,2
/data/popo/Sinalizador07/Canon/18SapoSinalizador07-3.mp4,18,Sapo,07,3
/data/popo/Sinalizador07/Canon/18SapoSinalizador07-4.mp4,18,Sapo,07,4
/data/popo/Sinalizador07/Canon/18SapoSinalizador07-5.mp4,18,Sapo,07,5
/data/popo/Sinalizador08/Canon/18SapoSinalizador08-1.mp4,18,Sapo,08,1
/data/popo/Sinalizador08/Canon/18SapoSinalizador08-2.mp4,18,Sapo,08,2
/data/popo/Sinalizador08/Canon/18SapoSinalizador08-3.mp4,18,Sapo,08,3
/data/popo/Sinalizador08/Canon/18SapoSinalizador08-4.mp4,18,Sapo,08,4
/data/popo/Sinalizador08/Canon/18SapoSinalizador08-5.mp4,18,Sapo,08,5
/data/popo/Sinalizador09/Canon/18SapoSinalizador09-1.mp4,18,Sapo,09,1
/data/popo/Sinalizador09/Canon/18SapoSinalizador09-2.mp4,18,Sapo,09,2
/data/popo/Sinalizador09/Canon/18SapoSinalizador09-3.mp4,18,Sapo,09,3
/data/popo/Sinalizador09/Canon/18SapoSinalizador09-4.mp4,18,Sapo,09,4
/data/popo/Sinalizador09/Canon/18SapoSinalizador09-5.mp4,18,Sapo,09,5
/data/popo/Sinalizador10/Canon/18SapoSinalizador10-1.mp4,18,Sapo,10,1
/data/popo/Sinalizador10/Canon/18SapoSinalizador10-2.mp4,18,Sapo,10,2
/data/popo/Sinalizador10/Canon/18SapoSinalizador10-3.mp4,18,Sapo,10,3
/data/popo/Sinalizador10/Canon/18SapoSinalizador10-4.mp4,18,Sapo,10,4
/data/popo/Sinalizador10/Canon/18SapoSinalizador10-5.mp4,18,Sapo,10,5
/data/popo/Sinalizador11/Canon/18SapoSinalizador11-1.mp4,18,Sapo,11,1
/data/popo/Sinalizador11/Canon/18SapoSinalizador11-2.mp4,18,Sapo,11,2
/data/popo/Sinalizador11/Canon/18SapoSinalizador11-3.mp4,18,Sapo,11,3
/data/popo/Sinalizador11/Canon/18SapoSinalizador11-4.mp4,18,Sapo,11,4
/data/popo/Sinalizador11/Canon/18SapoSinalizador11-5.mp4,18,Sapo,11,5
/data/popo/Sinalizador12/Canon/18SapoSinalizador12-1.mp4,18,Sapo,12,1
/data/popo/Sinalizador12/Canon/18SapoSinalizador12-2.mp4,18,Sapo,12,2
/data/popo/Sinalizador12/Canon/18SapoSinalizador12-3.mp4,18,Sapo,12,3
/data/popo/Sinalizador12/Canon/18SapoSinalizador12-4.mp4,18,Sapo,12,4
/data/popo/Sinalizador12/Canon/18SapoSinalizador12-5.mp4,18,Sapo,12,5
/data/popo/Sinalizador01/Canon/19VacinaSinalizador01-1.mp4,19,Vacina,01,1
/data/popo/Sinalizador01/Canon/19VacinaSinalizador01-2.mp4,19,Vacina,01,2
/data/popo/Sinalizador01/Canon/19VacinaSinalizador01-3.mp4,19,Vacina,01,3
/data/popo/Sinalizador01/Canon/19VacinaSinalizador01-4.mp4,19,Vacina,01,4
/data/popo/Sinalizador01/Canon/19VacinaSinalizador01-5.mp4,19,Vacina,01,5
/data/popo/Sinalizador02/Canon/19VacinaSinalizador02-1.mp4,19,Vacina,02,1
/data/popo/Sinalizador02/Canon/19VacinaSinalizador02-2.mp4,19,Vacina,02,2
/data/popo/Sinalizador02/Canon/19VacinaSinalizador02-3.mp4,19,Vacina,02,3
/data/popo/Sinalizador02/Canon/19VacinaSinalizador02-4.mp4,19,Vacina,02,4
/data/popo/Sinalizador02/Canon/19VacinaSinalizador02-5.mp4,19,Vacina,02,5
/data/popo/Sinalizador03/Canon/19VacinaSinalizador03-1.mp4,19,Vacina,03,1
/data/popo/Sinalizador03/Canon/19VacinaSinalizador03-2.mp4,19,Vacina,03,2
/data/popo/Sinalizador03/Canon/19VacinaSinalizador03-3.mp4,19,Vacina,03,3
/data/popo/Sinalizador03/Canon/19VacinaSinalizador03-4.mp4,19,Vacina,03,4
/data/popo/Sinalizador03/Canon/19VacinaSinalizador03-5.mp4,19,Vacina,03,5
/data/popo/Sinalizador04/Canon/19VacinaSinalizador04-1.mp4,19,Vacina,04,1
/data/popo/Sinalizador04/Canon/19VacinaSinalizador04-2.mp4,19,Vacina,04,2
/data/popo/Sinalizador04/Canon/19VacinaSinalizador04-3.mp4,19,Vacina,04,3
/data/popo/Sinalizador04/Canon/19VacinaSinalizador04-4.mp4,19,Vacina,04,4
/data/popo/Sinalizador04/Canon/19VacinaSinalizador04-5.mp4,19,Vacina,04,5
/data/popo/Sinalizador05/Canon/19VacinaSinalizador05-1.mp4,19,Vacina,05,1
/data/popo/Sinalizador05/Canon/19VacinaSinalizador05-2.mp4,19,Vacina,05,2
/data/popo/Sinalizador05/Canon/19VacinaSinalizador05-3.mp4,19,Vacina,05,3
/data/popo/Sinalizador05/Canon/19VacinaSinalizador05-4.mp4,19,Vacina,05,4
/data/popo/Sinalizador05/Canon/19VacinaSinalizador05-5.mp4,19,Vacina,05,5
/data/popo/Sinalizador06/Canon/19VacinaSinalizador06-1.mp4,19,Vacina,06,1
/data/popo/Sinalizador06/Canon/19VacinaSinalizador06-2.mp4,19,Vacina,06,2
/data/popo/Sinalizador06/Canon/19VacinaSinalizador06-3.mp4,19,Vacina,06,3
/data/popo/Sinalizador06/Canon/19VacinaSinalizador06-4.mp4,19,Vacina,06,4
/data/popo/Sinalizador06/Canon/19VacinaSinalizador06-5.mp4,19,Vacina,06,5
/data/popo/Sinalizador07/Canon/19VacinaSinalizador07-1.mp4,19,Vacina,07,1
/data/popo/Sinalizador07/Canon/19VacinaSinalizador07-2.mp4,19,Vacina,07,2
/data/popo/Sinalizador07/Canon/19VacinaSinalizador07-3.mp4,19,Vacina,07,3
/data/popo/Sinalizador07/Canon/19VacinaSinalizador07-4.mp4,19,Vacina,07,4
/data/popo/Sinalizador07/Canon/19VacinaSinalizador07-5.mp4,19,Vacina,07,5
/data/popo/Sinalizador08/Canon/19VacinaSinalizador08-1.mp4,19,Vacina,08,1
/data/popo/Sinalizador08/Canon/19VacinaSinalizador08-2.mp4,19,Vacina,08,2
/data/popo/Sinalizador08/Canon/19VacinaSinalizador08-3.mp4,19,Vacina,08,3
/data/popo/Sinalizador08/Canon/19VacinaSinalizador08-4.mp4,19,Vacina,08,4
/data/popo/Sinalizador08/Canon/19VacinaSinalizador08-5.mp4,19,Vacina,08,5
/data/popo/Sinalizador09/Canon/19VacinaSinalizador09-1.mp4,19,Vacina,09,1
/data/popo/Sinalizador09/Canon/19VacinaSinalizador09-2.mp4,19,Vacina,09,2
/data/popo/Sinalizador09/Canon/19VacinaSinalizador09-3.mp4,19,Vacina,09,3
/data/popo/Sinalizador09/Canon/19VacinaSinalizador09-4.mp4,19,Vacina,09,4
/data/popo/Sinalizador09/Canon/19VacinaSinalizador09-5.mp4,19,Vacina,09,5
/data/popo/Sinalizador10/Canon/19VacinaSinalizador10-1.mp4,19,Vacina,10,1
/data/popo/Sinalizador10/Canon/19VacinaSinalizador10-2.mp4,19,Vacina,10,2
/data/popo/Sinalizador10/Canon/19VacinaSinalizador10-3.mp4,19,Vacina,10,3
/data/popo/Sinalizador10/Canon/19VacinaSinalizador10-4.mp4,19,Vacina,10,4
/data/popo/Sinalizador10/Canon/19VacinaSinalizador10-5.mp4,19,Vacina,10,5
/data/popo/Sinalizador11/Canon/19VacinaSinalizador11-1.mp4,19,Vacina,11,1
/data/popo/Sinalizador11/Canon/19VacinaSinalizador11-2.mp4,19,Vacina,11,2
/data/popo/Sinalizador11/Canon/19VacinaSinalizador11-3.mp4,19,Vacina,11,3
/data/popo/Sinalizador11/Canon/19VacinaSinalizador11-4.mp4,19,Vacina,11,4
/data/popo/Sinalizador11/Canon/19VacinaSinalizador11-5.mp4,19,Vacina,11,5
/data/popo/Sinalizador12/Canon/19VacinaSinalizador12-1.mp4,19,Vacina,12,1
/data/popo/Sinalizador12/Canon/19VacinaSinalizador12-2.mp4,19,Vacina,12,2
/data/popo/Sinalizador12/Canon/19VacinaSinalizador12-3.mp4,19,Vacina,12,3
/data/popo/Sinalizador12/Canon/19VacinaSinalizador12-4.mp4,19,Vacina,12,4
/data/popo/Sinalizador12/Canon/19VacinaSinalizador12-5.mp4,19,Vacina,12,5
/data/popo/Sinalizador01/Canon/20VontadeSinalizador01-1.mp4,20,Vontade,01,1
/data/popo/Sinalizador01/Canon/20VontadeSinalizador01-2.mp4,20,Vontade,01,2
/data/popo/Sinalizador01/Canon/20VontadeSinalizador01-3.mp4,20,Vontade,01,3
/data/popo/Sinalizador01/Canon/20VontadeSinalizador01-4.mp4,20,Vontade,01,4
/data/popo/Sinalizador01/Canon/20VontadeSinalizador01-5.mp4,20,Vontade,01,5
/data/popo/Sinalizador02/Canon/20VontadeSinalizador02-1.mp4,20,Vontade,02,1
/data/popo/Sinalizador02/Canon/20VontadeSinalizador02-2.mp4,20,Vontade,02,2
/data/popo/Sinalizador02/Canon/20VontadeSinalizador02-3.mp4,20,Vontade,02,3
/data/popo/Sinalizador02/Canon/20VontadeSinalizador02-4.mp4,20,Vontade,02,4
/data/popo/Sinalizador02/Canon/20VontadeSinalizador02-5.mp4,20,Vontade,02,5
/data/popo/Sinalizador03/Canon/20VontadeSinalizador03-1.mp4,20,Vontade,03,1
/data/popo/Sinalizador03/Canon/20VontadeSinalizador03-2.mp4,20,Vontade,03,2
/data/popo/Sinalizador03/Canon/20VontadeSinalizador03-3.mp4,20,Vontade,03,3
/data/popo/Sinalizador03/Canon/20VontadeSinalizador03-4.mp4,20,Vontade,03,4
/data/popo/Sinalizador03/Canon/20VontadeSinalizador03-5.mp4,20,Vontade,03,5
/data/popo/Sinalizador04/Canon/20VontadeSinalizador04-1.mp4,20,Vontade,04,1
/data/popo/Sinalizador04/Canon/20VontadeSinalizador04-2.mp4,20,Vontade,04,2
/data/popo/Sinalizador04/Canon/20VontadeSinalizador04-3.mp4,20,Vontade,04,3
/data/popo/Sinalizador04/Canon/20VontadeSinalizador04-4.mp4,20,Vontade,04,4
/data/popo/Sinalizador04/Canon/20VontadeSinalizador04-5.mp4,20,Vontade,04,5
/data/popo/Sinalizador05/Canon/20VontadeSinalizador05-1.mp4,20,Vontade,05,1
/data/popo/Sinalizador05/Canon/20VontadeSinalizador05-2.mp4,20,Vontade,05,2
/data/popo/Sinalizador05/Canon/20VontadeSinalizador05-3.mp4,20,Vontade,05,3
/data/popo/Sinalizador05/Canon/20VontadeSinalizador05-4.mp4,20,Vontade,05,4
/data/popo/Sinalizador05/Canon/20VontadeSinalizador05-5.mp4,20,Vontade,05,5
/data/popo/Sinalizador06/Canon/20VontadeSinalizador06-1.mp4,20,Vontade,06,1
/data/popo/Sinalizador06/Canon/20VontadeSinalizador06-2.mp4,20,Vontade,06,2
/data/popo/Sinalizador06/Canon/20VontadeSinalizador06-3.mp4,20,Vontade,06,3
/data/popo/Sinalizador06/Canon/20VontadeSinalizador06-4.mp4,20,Vontade,06,4
/data/popo/Sinalizador06/Canon/20VontadeSinalizador06-5.mp4,20,Vontade,06,5
/data/popo/Sinalizador07/Canon/20VontadeSinalizador07-1.mp4,20,Vontade,07,1
/data/popo/Sinalizador07/Canon/20VontadeSinalizador07-2.mp4,20,Vontade,07,2
/data/popo/Sinalizador07/Canon/20VontadeSinalizador07-3.mp4,20,Vontade,07,3
/data/popo/Sinalizador07/Canon/20VontadeSinalizador07-4.mp4,20,Vontade,07,4
/data/popo/Sinalizador07/Canon/20VontadeSinalizador07-5.mp4,20,Vontade,07,5
/data/popo/Sinalizador08/Canon/20VontadeSinalizador08-1.mp4,20,Vontade,08,1
/data/popo/Sinalizador08/Canon/20VontadeSinalizador08-2.mp4,20,Vontade,08,2
/data/popo/Sinalizador08/Canon/20VontadeSinalizador08-3.mp4,20,Vontade,08,3
/data/popo/Sinalizador08/Canon/20VontadeSinalizador08-4.mp4,20,Vontade,08,4
/data/popo/Sinalizador08/Canon/20VontadeSinalizador08-5.mp4,20,Vontade,08,5
/data/popo/Sinalizador09/Canon/20VontadeSinalizador09-1.mp4,20,Vontade,09,1
/data/popo/Sinalizador09/Canon/20VontadeSinalizador09-2.mp4,20,Vontade,09,2
/data/popo/Sinalizador09/Canon/20VontadeSinalizador09-3.mp4,20,Vontade,09,3
/data/popo/Sinalizador09/Canon/20VontadeSinalizador09-4.mp4,20,Vontade,09,4
/data/popo/Sinalizador09/Canon/20VontadeSinalizador09-5.mp4,20,Vontade,09,5
/data/popo/Sinalizador10/Canon/20VontadeSinalizador10-1.mp4,20,Vontade,10,1
/data/popo/Sinalizador10/Canon/20VontadeSinalizador10-2.mp4,20,Vontade,10,2
/data/popo/Sinalizador10/Canon/20VontadeSinalizador10-3.mp4,20,Vontade,10,3
/data/popo/Sinalizador10/Canon/20VontadeSinalizador10-4.mp4,20,Vontade,10,4
/data/popo/Sinalizador10/Canon/20VontadeSinalizador10-5.mp4,20,Vontade,10,5
/data/popo/Sinalizador11/Canon/20VontadeSinalizador11-1.mp4,20,Vontade,11,1
/data/popo/Sinalizador11/Canon/20VontadeSinalizador11-2.mp4,20,Vontade,11,2
/data/popo/Sinalizador11/Canon/20VontadeSinalizador11-3.mp4,20,Vontade,11,3
/data/popo/Sinalizador11/Canon/20VontadeSinalizador11-4.mp4,20,Vontade,11,4
/data/popo/Sinalizador11/Canon/20VontadeSinalizador11-5.mp4,20,Vontade,11,5
/data/popo/Sinalizador12/Canon/20VontadeSinalizador12-1.mp4,20,Vontade,12,1
/data/popo/Sinalizador12/Canon/20VontadeSinalizador12-2.mp4,20,Vontade,12,2
/data/popo/Sinalizador12/Canon/20VontadeSinalizador12-3.mp4,20,Vontade,12,3
/data/popo/Sinalizador12/Canon/20VontadeSinalizador12-4.mp4,20,Vontade,12,4
/data/popo/Sinalizador12/Canon/20VontadeSinalizador12-5.mp4,20,Vontade,12,5
