video_path,sinal_id,sinal_nome,sinalizador_id,repeticao_id,label_id
/data/popo/Sinalizador10/Canon/15MacaSinalizador10-2.mp4,15,Maca,10,2,14
/data/popo/Sinalizador10/Canon/06BalaSinalizador10-2.mp4,6,Bala,10,2,5
/data/popo/Sinalizador05/Canon/13EsquinaSinalizador05-2.mp4,13,Esquina,5,2,12
/data/popo/Sinalizador01/Canon/11ConhecerSinalizador01-1.mp4,11,Conhecer,1,1,10
/data/popo/Sinalizador09/Canon/20VontadeSinalizador09-3.mp4,20,Vontade,9,3,19
/data/popo/Sinalizador06/Canon/14FilhoSinalizador06-2.mp4,14,Filho,6,2,13
/data/popo/Sinalizador02/Canon/18SapoSinalizador02-2.mp4,18,Sapo,2,2,17
/data/popo/Sinalizador01/Canon/18SapoSinalizador01-1.mp4,18,Sapo,1,1,17
/data/popo/Sinalizador06/Canon/10CincoSinalizador06-1.mp4,10,Cinco,6,1,9
/data/popo/Sinalizador10/Canon/12EspelhoSinalizador10-5.mp4,12,Espelho,10,5,11
/data/popo/Sinalizador07/Canon/20VontadeSinalizador07-1.mp4,20,Vontade,7,1,19
/data/popo/Sinalizador03/Canon/17RuimSinalizador03-4.mp4,17,Ruim,3,4,16
/data/popo/Sinalizador06/Canon/15MacaSinalizador06-5.mp4,15,Maca,6,5,14
/data/popo/Sinalizador04/Canon/08BanheiroSinalizador04-4.mp4,8,Banheiro,4,4,7
/data/popo/Sinalizador09/Canon/07BancoSinalizador09-4.mp4,7,Banco,9,4,6
/data/popo/Sinalizador08/Canon/04AmericaSinalizador08-5.mp4,4,America,8,5,3
/data/popo/Sinalizador02/Canon/09BarulhoSinalizador02-4.mp4,9,Barulho,2,4,8
/data/popo/Sinalizador04/Canon/05AproveitarSinalizador04-3.mp4,5,Aproveitar,4,3,4
/data/popo/Sinalizador09/Canon/17RuimSinalizador09-4.mp4,17,Ruim,9,4,16
/data/popo/Sinalizador04/Canon/03AmareloSinalizador04-4.mp4,3,Amarelo,4,4,2
/data/popo/Sinalizador05/Canon/13EsquinaSinalizador05-4.mp4,13,Esquina,5,4,12
/data/popo/Sinalizador04/Canon/12EspelhoSinalizador04-4.mp4,12,Espelho,4,4,11
/data/popo/Sinalizador04/Canon/06BalaSinalizador04-2.mp4,6,Bala,4,2,5
/data/popo/Sinalizador10/Canon/11ConhecerSinalizador10-3.mp4,11,Conhecer,10,3,10
/data/popo/Sinalizador08/Canon/04AmericaSinalizador08-4.mp4,4,America,8,4,3
/data/popo/Sinalizador02/Canon/06BalaSinalizador02-1.mp4,6,Bala,2,1,5
/data/popo/Sinalizador08/Canon/16MedoSinalizador08-2.mp4,16,Medo,8,2,15
/data/popo/Sinalizador02/Canon/05AproveitarSinalizador02-3.mp4,5,Aproveitar,2,3,4
/data/popo/Sinalizador06/Canon/18SapoSinalizador06-3.mp4,18,Sapo,6,3,17
/data/popo/Sinalizador01/Canon/12EspelhoSinalizador01-1.mp4,12,Espelho,1,1,11
/data/popo/Sinalizador10/Canon/19VacinaSinalizador10-3.mp4,19,Vacina,10,3,18
/data/popo/Sinalizador06/Canon/11ConhecerSinalizador06-5.mp4,11,Conhecer,6,5,10
/data/popo/Sinalizador10/Canon/01AcontecerSinalizador10-1.mp4,1,Acontecer,10,1,0
/data/popo/Sinalizador10/Canon/09BarulhoSinalizador10-3.mp4,9,Barulho,10,3,8
/data/popo/Sinalizador03/Canon/05AproveitarSinalizador03-1.mp4,5,Aproveitar,3,1,4
/data/popo/Sinalizador02/Canon/16MedoSinalizador02-3.mp4,16,Medo,2,3,15
/data/popo/Sinalizador04/Canon/04AmericaSinalizador04-2.mp4,4,America,4,2,3
/data/popo/Sinalizador01/Canon/15MacaSinalizador01-5.mp4,15,Maca,1,5,14
/data/popo/Sinalizador02/Canon/09BarulhoSinalizador02-3.mp4,9,Barulho,2,3,8
/data/popo/Sinalizador07/Canon/02AlunoSinalizador07-2.mp4,2,Aluno,7,2,1
/data/popo/Sinalizador04/Canon/07BancoSinalizador04-2.mp4,7,Banco,4,2,6
/data/popo/Sinalizador06/Canon/06BalaSinalizador06-1.mp4,6,Bala,6,1,5
/data/popo/Sinalizador07/Canon/08BanheiroSinalizador07-4.mp4,8,Banheiro,7,4,7
/data/popo/Sinalizador05/Canon/17RuimSinalizador05-5.mp4,17,Ruim,5,5,16
/data/popo/Sinalizador03/Canon/08BanheiroSinalizador03-5.mp4,8,Banheiro,3,5,7
/data/popo/Sinalizador03/Canon/12EspelhoSinalizador03-3.mp4,12,Espelho,3,3,11
/data/popo/Sinalizador08/Canon/15MacaSinalizador08-2.mp4,15,Maca,8,2,14
/data/popo/Sinalizador05/Canon/11ConhecerSinalizador05-5.mp4,11,Conhecer,5,5,10
/data/popo/Sinalizador03/Canon/06BalaSinalizador03-5.mp4,6,Bala,3,5,5
/data/popo/Sinalizador04/Canon/10CincoSinalizador04-1.mp4,10,Cinco,4,1,9
/data/popo/Sinalizador03/Canon/11ConhecerSinalizador03-3.mp4,11,Conhecer,3,3,10
/data/popo/Sinalizador06/Canon/15MacaSinalizador06-2.mp4,15,Maca,6,2,14
/data/popo/Sinalizador04/Canon/20VontadeSinalizador04-4.mp4,20,Vontade,4,4,19
/data/popo/Sinalizador05/Canon/03AmareloSinalizador05-4.mp4,3,Amarelo,5,4,2
/data/popo/Sinalizador10/Canon/14FilhoSinalizador10-2.mp4,14,Filho,10,2,13
/data/popo/Sinalizador02/Canon/08BanheiroSinalizador02-4.mp4,8,Banheiro,2,4,7
/data/popo/Sinalizador05/Canon/01AcontecerSinalizador05-5.mp4,1,Acontecer,5,5,0
/data/popo/Sinalizador08/Canon/14FilhoSinalizador08-3.mp4,14,Filho,8,3,13
/data/popo/Sinalizador08/Canon/17RuimSinalizador08-2.mp4,17,Ruim,8,2,16
/data/popo/Sinalizador10/Canon/02AlunoSinalizador10-2.mp4,2,Aluno,10,2,1
/data/popo/Sinalizador01/Canon/09BarulhoSinalizador01-5.mp4,9,Barulho,1,5,8
/data/popo/Sinalizador08/Canon/18SapoSinalizador08-4.mp4,18,Sapo,8,4,17
/data/popo/Sinalizador01/Canon/19VacinaSinalizador01-3.mp4,19,Vacina,1,3,18
/data/popo/Sinalizador05/Canon/11ConhecerSinalizador05-1.mp4,11,Conhecer,5,1,10
/data/popo/Sinalizador02/Canon/04AmericaSinalizador02-5.mp4,4,America,2,5,3
/data/popo/Sinalizador08/Canon/06BalaSinalizador08-3.mp4,6,Bala,8,3,5
/data/popo/Sinalizador10/Canon/10CincoSinalizador10-3.mp4,10,Cinco,10,3,9
/data/popo/Sinalizador10/Canon/12EspelhoSinalizador10-1.mp4,12,Espelho,10,1,11
/data/popo/Sinalizador08/Canon/03AmareloSinalizador08-2.mp4,3,Amarelo,8,2,2
/data/popo/Sinalizador06/Canon/09BarulhoSinalizador06-1.mp4,9,Barulho,6,1,8
/data/popo/Sinalizador06/Canon/07BancoSinalizador06-5.mp4,7,Banco,6,5,6
/data/popo/Sinalizador02/Canon/19VacinaSinalizador02-5.mp4,19,Vacina,2,5,18
/data/popo/Sinalizador02/Canon/15MacaSinalizador02-2.mp4,15,Maca,2,2,14
/data/popo/Sinalizador10/Canon/14FilhoSinalizador10-1.mp4,14,Filho,10,1,13
/data/popo/Sinalizador09/Canon/19VacinaSinalizador09-2.mp4,19,Vacina,9,2,18
/data/popo/Sinalizador06/Canon/06BalaSinalizador06-2.mp4,6,Bala,6,2,5
/data/popo/Sinalizador06/Canon/05AproveitarSinalizador06-4.mp4,5,Aproveitar,6,4,4
/data/popo/Sinalizador06/Canon/06BalaSinalizador06-5.mp4,6,Bala,6,5,5
/data/popo/Sinalizador04/Canon/16MedoSinalizador04-4.mp4,16,Medo,4,4,15
/data/popo/Sinalizador10/Canon/10CincoSinalizador10-4.mp4,10,Cinco,10,4,9
/data/popo/Sinalizador06/Canon/13EsquinaSinalizador06-1.mp4,13,Esquina,6,1,12
/data/popo/Sinalizador06/Canon/15MacaSinalizador06-4.mp4,15,Maca,6,4,14
/data/popo/Sinalizador02/Canon/06BalaSinalizador02-5.mp4,6,Bala,2,5,5
/data/popo/Sinalizador03/Canon/01AcontecerSinalizador03-5.mp4,1,Acontecer,3,5,0
/data/popo/Sinalizador09/Canon/09BarulhoSinalizador09-4.mp4,9,Barulho,9,4,8
/data/popo/Sinalizador08/Canon/12EspelhoSinalizador08-3.mp4,12,Espelho,8,3,11
/data/popo/Sinalizador07/Canon/01AcontecerSinalizador07-3.mp4,1,Acontecer,7,3,0
/data/popo/Sinalizador06/Canon/07BancoSinalizador06-4.mp4,7,Banco,6,4,6
/data/popo/Sinalizador02/Canon/10CincoSinalizador02-4.mp4,10,Cinco,2,4,9
/data/popo/Sinalizador08/Canon/12EspelhoSinalizador08-5.mp4,12,Espelho,8,5,11
/data/popo/Sinalizador06/Canon/17RuimSinalizador06-2.mp4,17,Ruim,6,2,16
/data/popo/Sinalizador05/Canon/15MacaSinalizador05-5.mp4,15,Maca,5,5,14
/data/popo/Sinalizador04/Canon/17RuimSinalizador04-1.mp4,17,Ruim,4,1,16
/data/popo/Sinalizador08/Canon/08BanheiroSinalizador08-2.mp4,8,Banheiro,8,2,7
/data/popo/Sinalizador02/Canon/11ConhecerSinalizador02-3.mp4,11,Conhecer,2,3,10
/data/popo/Sinalizador04/Canon/10CincoSinalizador04-5.mp4,10,Cinco,4,5,9
/data/popo/Sinalizador07/Canon/15MacaSinalizador07-3.mp4,15,Maca,7,3,14
/data/popo/Sinalizador02/Canon/18SapoSinalizador02-4.mp4,18,Sapo,2,4,17
/data/popo/Sinalizador05/Canon/03AmareloSinalizador05-3.mp4,3,Amarelo,5,3,2
/data/popo/Sinalizador03/Canon/16MedoSinalizador03-3.mp4,16,Medo,3,3,15
/data/popo/Sinalizador05/Canon/06BalaSinalizador05-3.mp4,6,Bala,5,3,5
/data/popo/Sinalizador10/Canon/06BalaSinalizador10-5.mp4,6,Bala,10,5,5
/data/popo/Sinalizador07/Canon/01AcontecerSinalizador07-1.mp4,1,Acontecer,7,1,0
/data/popo/Sinalizador05/Canon/06BalaSinalizador05-1.mp4,6,Bala,5,1,5
/data/popo/Sinalizador03/Canon/06BalaSinalizador03-4.mp4,6,Bala,3,4,5
/data/popo/Sinalizador06/Canon/06BalaSinalizador06-3.mp4,6,Bala,6,3,5
/data/popo/Sinalizador03/Canon/17RuimSinalizador03-5.mp4,17,Ruim,3,5,16
/data/popo/Sinalizador06/Canon/20VontadeSinalizador06-4.mp4,20,Vontade,6,4,19
/data/popo/Sinalizador05/Canon/12EspelhoSinalizador05-3.mp4,12,Espelho,5,3,11
/data/popo/Sinalizador01/Canon/15MacaSinalizador01-4.mp4,15,Maca,1,4,14
/data/popo/Sinalizador06/Canon/14FilhoSinalizador06-1.mp4,14,Filho,6,1,13
/data/popo/Sinalizador01/Canon/16MedoSinalizador01-4.mp4,16,Medo,1,4,15
/data/popo/Sinalizador05/Canon/14FilhoSinalizador05-5.mp4,14,Filho,5,5,13
/data/popo/Sinalizador02/Canon/13EsquinaSinalizador02-5.mp4,13,Esquina,2,5,12
/data/popo/Sinalizador04/Canon/12EspelhoSinalizador04-1.mp4,12,Espelho,4,1,11
/data/popo/Sinalizador05/Canon/18SapoSinalizador05-4.mp4,18,Sapo,5,4,17
/data/popo/Sinalizador10/Canon/03AmareloSinalizador10-4.mp4,3,Amarelo,10,4,2
/data/popo/Sinalizador07/Canon/13EsquinaSinalizador07-4.mp4,13,Esquina,7,4,12
/data/popo/Sinalizador09/Canon/12EspelhoSinalizador09-3.mp4,12,Espelho,9,3,11
/data/popo/Sinalizador03/Canon/19VacinaSinalizador03-3.mp4,19,Vacina,3,3,18
/data/popo/Sinalizador08/Canon/16MedoSinalizador08-3.mp4,16,Medo,8,3,15
/data/popo/Sinalizador02/Canon/09BarulhoSinalizador02-5.mp4,9,Barulho,2,5,8
/data/popo/Sinalizador01/Canon/14FilhoSinalizador01-1.mp4,14,Filho,1,1,13
/data/popo/Sinalizador04/Canon/17RuimSinalizador04-2.mp4,17,Ruim,4,2,16
/data/popo/Sinalizador02/Canon/10CincoSinalizador02-5.mp4,10,Cinco,2,5,9
/data/popo/Sinalizador10/Canon/10CincoSinalizador10-5.mp4,10,Cinco,10,5,9
/data/popo/Sinalizador10/Canon/19VacinaSinalizador10-4.mp4,19,Vacina,10,4,18
/data/popo/Sinalizador04/Canon/09BarulhoSinalizador04-4.mp4,9,Barulho,4,4,8
/data/popo/Sinalizador06/Canon/04AmericaSinalizador06-4.mp4,4,America,6,4,3
/data/popo/Sinalizador07/Canon/14FilhoSinalizador07-4.mp4,14,Filho,7,4,13
/data/popo/Sinalizador01/Canon/20VontadeSinalizador01-1.mp4,20,Vontade,1,1,19
/data/popo/Sinalizador10/Canon/11ConhecerSinalizador10-4.mp4,11,Conhecer,10,4,10
/data/popo/Sinalizador01/Canon/18SapoSinalizador01-5.mp4,18,Sapo,1,5,17
/data/popo/Sinalizador03/Canon/12EspelhoSinalizador03-2.mp4,12,Espelho,3,2,11
/data/popo/Sinalizador05/Canon/13EsquinaSinalizador05-5.mp4,13,Esquina,5,5,12
/data/popo/Sinalizador01/Canon/08BanheiroSinalizador01-3.mp4,8,Banheiro,1,3,7
/data/popo/Sinalizador08/Canon/05AproveitarSinalizador08-3.mp4,5,Aproveitar,8,3,4
/data/popo/Sinalizador05/Canon/04AmericaSinalizador05-1.mp4,4,America,5,1,3
/data/popo/Sinalizador10/Canon/07BancoSinalizador10-1.mp4,7,Banco,10,1,6
/data/popo/Sinalizador08/Canon/13EsquinaSinalizador08-2.mp4,13,Esquina,8,2,12
/data/popo/Sinalizador06/Canon/02AlunoSinalizador06-3.mp4,2,Aluno,6,3,1
/data/popo/Sinalizador03/Canon/07BancoSinalizador03-5.mp4,7,Banco,3,5,6
/data/popo/Sinalizador08/Canon/17RuimSinalizador08-1.mp4,17,Ruim,8,1,16
/data/popo/Sinalizador03/Canon/18SapoSinalizador03-4.mp4,18,Sapo,3,4,17
/data/popo/Sinalizador06/Canon/07BancoSinalizador06-2.mp4,7,Banco,6,2,6
/data/popo/Sinalizador01/Canon/10CincoSinalizador01-2.mp4,10,Cinco,1,2,9
/data/popo/Sinalizador05/Canon/16MedoSinalizador05-4.mp4,16,Medo,5,4,15
/data/popo/Sinalizador09/Canon/14FilhoSinalizador09-4.mp4,14,Filho,9,4,13
/data/popo/Sinalizador01/Canon/14FilhoSinalizador01-2.mp4,14,Filho,1,2,13
/data/popo/Sinalizador09/Canon/20VontadeSinalizador09-5.mp4,20,Vontade,9,5,19
/data/popo/Sinalizador03/Canon/08BanheiroSinalizador03-2.mp4,8,Banheiro,3,2,7
/data/popo/Sinalizador10/Canon/01AcontecerSinalizador10-5.mp4,1,Acontecer,10,5,0
/data/popo/Sinalizador02/Canon/12EspelhoSinalizador02-1.mp4,12,Espelho,2,1,11
/data/popo/Sinalizador02/Canon/02AlunoSinalizador02-1.mp4,2,Aluno,2,1,1
/data/popo/Sinalizador06/Canon/18SapoSinalizador06-1.mp4,18,Sapo,6,1,17
/data/popo/Sinalizador03/Canon/16MedoSinalizador03-4.mp4,16,Medo,3,4,15
/data/popo/Sinalizador09/Canon/15MacaSinalizador09-4.mp4,15,Maca,9,4,14
/data/popo/Sinalizador04/Canon/02AlunoSinalizador04-2.mp4,2,Aluno,4,2,1
/data/popo/Sinalizador08/Canon/10CincoSinalizador08-2.mp4,10,Cinco,8,2,9
/data/popo/Sinalizador10/Canon/02AlunoSinalizador10-1.mp4,2,Aluno,10,1,1
/data/popo/Sinalizador03/Canon/13EsquinaSinalizador03-3.mp4,13,Esquina,3,3,12
/data/popo/Sinalizador01/Canon/20VontadeSinalizador01-4.mp4,20,Vontade,1,4,19
/data/popo/Sinalizador01/Canon/06BalaSinalizador01-4.mp4,6,Bala,1,4,5
/data/popo/Sinalizador05/Canon/11ConhecerSinalizador05-3.mp4,11,Conhecer,5,3,10
/data/popo/Sinalizador03/Canon/14FilhoSinalizador03-5.mp4,14,Filho,3,5,13
/data/popo/Sinalizador02/Canon/12EspelhoSinalizador02-3.mp4,12,Espelho,2,3,11
/data/popo/Sinalizador04/Canon/05AproveitarSinalizador04-4.mp4,5,Aproveitar,4,4,4
/data/popo/Sinalizador01/Canon/12EspelhoSinalizador01-4.mp4,12,Espelho,1,4,11
/data/popo/Sinalizador02/Canon/20VontadeSinalizador02-1.mp4,20,Vontade,2,1,19
/data/popo/Sinalizador05/Canon/07BancoSinalizador05-2.mp4,7,Banco,5,2,6
/data/popo/Sinalizador08/Canon/14FilhoSinalizador08-4.mp4,14,Filho,8,4,13
/data/popo/Sinalizador07/Canon/02AlunoSinalizador07-4.mp4,2,Aluno,7,4,1
/data/popo/Sinalizador02/Canon/01AcontecerSinalizador02-1.mp4,1,Acontecer,2,1,0
/data/popo/Sinalizador02/Canon/08BanheiroSinalizador02-3.mp4,8,Banheiro,2,3,7
/data/popo/Sinalizador05/Canon/15MacaSinalizador05-3.mp4,15,Maca,5,3,14
/data/popo/Sinalizador08/Canon/09BarulhoSinalizador08-2.mp4,9,Barulho,8,2,8
/data/popo/Sinalizador03/Canon/15MacaSinalizador03-2.mp4,15,Maca,3,2,14
/data/popo/Sinalizador01/Canon/19VacinaSinalizador01-4.mp4,19,Vacina,1,4,18
/data/popo/Sinalizador01/Canon/06BalaSinalizador01-2.mp4,6,Bala,1,2,5
/data/popo/Sinalizador10/Canon/07BancoSinalizador10-2.mp4,7,Banco,10,2,6
/data/popo/Sinalizador02/Canon/04AmericaSinalizador02-4.mp4,4,America,2,4,3
/data/popo/Sinalizador02/Canon/15MacaSinalizador02-4.mp4,15,Maca,2,4,14
/data/popo/Sinalizador04/Canon/17RuimSinalizador04-4.mp4,17,Ruim,4,4,16
/data/popo/Sinalizador07/Canon/01AcontecerSinalizador07-4.mp4,1,Acontecer,7,4,0
/data/popo/Sinalizador06/Canon/02AlunoSinalizador06-2.mp4,2,Aluno,6,2,1
/data/popo/Sinalizador09/Canon/19VacinaSinalizador09-5.mp4,19,Vacina,9,5,18
/data/popo/Sinalizador01/Canon/19VacinaSinalizador01-5.mp4,19,Vacina,1,5,18
/data/popo/Sinalizador05/Canon/09BarulhoSinalizador05-2.mp4,9,Barulho,5,2,8
/data/popo/Sinalizador08/Canon/09BarulhoSinalizador08-1.mp4,9,Barulho,8,1,8
/data/popo/Sinalizador02/Canon/05AproveitarSinalizador02-5.mp4,5,Aproveitar,2,5,4
/data/popo/Sinalizador07/Canon/04AmericaSinalizador07-3.mp4,4,America,7,3,3
/data/popo/Sinalizador09/Canon/05AproveitarSinalizador09-2.mp4,5,Aproveitar,9,2,4
/data/popo/Sinalizador03/Canon/03AmareloSinalizador03-5.mp4,3,Amarelo,3,5,2
/data/popo/Sinalizador06/Canon/19VacinaSinalizador06-3.mp4,19,Vacina,6,3,18
/data/popo/Sinalizador09/Canon/19VacinaSinalizador09-3.mp4,19,Vacina,9,3,18
/data/popo/Sinalizador09/Canon/10CincoSinalizador09-1.mp4,10,Cinco,9,1,9
/data/popo/Sinalizador07/Canon/15MacaSinalizador07-5.mp4,15,Maca,7,5,14
/data/popo/Sinalizador08/Canon/12EspelhoSinalizador08-2.mp4,12,Espelho,8,2,11
/data/popo/Sinalizador06/Canon/20VontadeSinalizador06-2.mp4,20,Vontade,6,2,19
/data/popo/Sinalizador05/Canon/05AproveitarSinalizador05-2.mp4,5,Aproveitar,5,2,4
/data/popo/Sinalizador07/Canon/02AlunoSinalizador07-3.mp4,2,Aluno,7,3,1
/data/popo/Sinalizador03/Canon/06BalaSinalizador03-3.mp4,6,Bala,3,3,5
/data/popo/Sinalizador05/Canon/20VontadeSinalizador05-1.mp4,20,Vontade,5,1,19
/data/popo/Sinalizador06/Canon/18SapoSinalizador06-5.mp4,18,Sapo,6,5,17
/data/popo/Sinalizador03/Canon/03AmareloSinalizador03-1.mp4,3,Amarelo,3,1,2
/data/popo/Sinalizador09/Canon/12EspelhoSinalizador09-1.mp4,12,Espelho,9,1,11
/data/popo/Sinalizador04/Canon/12EspelhoSinalizador04-5.mp4,12,Espelho,4,5,11
/data/popo/Sinalizador02/Canon/14FilhoSinalizador02-1.mp4,14,Filho,2,1,13
/data/popo/Sinalizador02/Canon/01AcontecerSinalizador02-3.mp4,1,Acontecer,2,3,0
/data/popo/Sinalizador09/Canon/01AcontecerSinalizador09-1.mp4,1,Acontecer,9,1,0
/data/popo/Sinalizador05/Canon/19VacinaSinalizador05-3.mp4,19,Vacina,5,3,18
/data/popo/Sinalizador08/Canon/03AmareloSinalizador08-1.mp4,3,Amarelo,8,1,2
/data/popo/Sinalizador03/Canon/07BancoSinalizador03-2.mp4,7,Banco,3,2,6
/data/popo/Sinalizador07/Canon/10CincoSinalizador07-5.mp4,10,Cinco,7,5,9
/data/popo/Sinalizador03/Canon/13EsquinaSinalizador03-2.mp4,13,Esquina,3,2,12
/data/popo/Sinalizador02/Canon/02AlunoSinalizador02-4.mp4,2,Aluno,2,4,1
/data/popo/Sinalizador10/Canon/02AlunoSinalizador10-3.mp4,2,Aluno,10,3,1
/data/popo/Sinalizador01/Canon/05AproveitarSinalizador01-4.mp4,5,Aproveitar,1,4,4
/data/popo/Sinalizador05/Canon/14FilhoSinalizador05-3.mp4,14,Filho,5,3,13
/data/popo/Sinalizador03/Canon/03AmareloSinalizador03-3.mp4,3,Amarelo,3,3,2
/data/popo/Sinalizador09/Canon/09BarulhoSinalizador09-3.mp4,9,Barulho,9,3,8
/data/popo/Sinalizador09/Canon/02AlunoSinalizador09-4.mp4,2,Aluno,9,4,1
/data/popo/Sinalizador02/Canon/07BancoSinalizador02-5.mp4,7,Banco,2,5,6
/data/popo/Sinalizador04/Canon/15MacaSinalizador04-2.mp4,15,Maca,4,2,14
/data/popo/Sinalizador02/Canon/10CincoSinalizador02-2.mp4,10,Cinco,2,2,9
/data/popo/Sinalizador10/Canon/18SapoSinalizador10-3.mp4,18,Sapo,10,3,17
/data/popo/Sinalizador05/Canon/05AproveitarSinalizador05-3.mp4,5,Aproveitar,5,3,4
/data/popo/Sinalizador06/Canon/01AcontecerSinalizador06-2.mp4,1,Acontecer,6,2,0
/data/popo/Sinalizador10/Canon/06BalaSinalizador10-4.mp4,6,Bala,10,4,5
/data/popo/Sinalizador02/Canon/20VontadeSinalizador02-5.mp4,20,Vontade,2,5,19
/data/popo/Sinalizador06/Canon/02AlunoSinalizador06-5.mp4,2,Aluno,6,5,1
/data/popo/Sinalizador09/Canon/01AcontecerSinalizador09-4.mp4,1,Acontecer,9,4,0
/data/popo/Sinalizador01/Canon/09BarulhoSinalizador01-3.mp4,9,Barulho,1,3,8
/data/popo/Sinalizador08/Canon/09BarulhoSinalizador08-3.mp4,9,Barulho,8,3,8
/data/popo/Sinalizador05/Canon/20VontadeSinalizador05-4.mp4,20,Vontade,5,4,19
/data/popo/Sinalizador06/Canon/14FilhoSinalizador06-3.mp4,14,Filho,6,3,13
/data/popo/Sinalizador09/Canon/17RuimSinalizador09-3.mp4,17,Ruim,9,3,16
/data/popo/Sinalizador07/Canon/11ConhecerSinalizador07-4.mp4,11,Conhecer,7,4,10
/data/popo/Sinalizador06/Canon/01AcontecerSinalizador06-5.mp4,1,Acontecer,6,5,0
/data/popo/Sinalizador03/Canon/07BancoSinalizador03-1.mp4,7,Banco,3,1,6
/data/popo/Sinalizador04/Canon/04AmericaSinalizador04-4.mp4,4,America,4,4,3
/data/popo/Sinalizador03/Canon/12EspelhoSinalizador03-1.mp4,12,Espelho,3,1,11
/data/popo/Sinalizador06/Canon/07BancoSinalizador06-3.mp4,7,Banco,6,3,6
/data/popo/Sinalizador04/Canon/08BanheiroSinalizador04-1.mp4,8,Banheiro,4,1,7
/data/popo/Sinalizador01/Canon/20VontadeSinalizador01-3.mp4,20,Vontade,1,3,19
/data/popo/Sinalizador04/Canon/13EsquinaSinalizador04-3.mp4,13,Esquina,4,3,12
/data/popo/Sinalizador05/Canon/10CincoSinalizador05-4.mp4,10,Cinco,5,4,9
/data/popo/Sinalizador01/Canon/01AcontecerSinalizador01-2.mp4,1,Acontecer,1,2,0
/data/popo/Sinalizador04/Canon/06BalaSinalizador04-5.mp4,6,Bala,4,5,5
/data/popo/Sinalizador10/Canon/17RuimSinalizador10-4.mp4,17,Ruim,10,4,16
/data/popo/Sinalizador05/Canon/09BarulhoSinalizador05-1.mp4,9,Barulho,5,1,8
/data/popo/Sinalizador06/Canon/13EsquinaSinalizador06-3.mp4,13,Esquina,6,3,12
/data/popo/Sinalizador07/Canon/15MacaSinalizador07-4.mp4,15,Maca,7,4,14
/data/popo/Sinalizador01/Canon/13EsquinaSinalizador01-1.mp4,13,Esquina,1,1,12
/data/popo/Sinalizador07/Canon/05AproveitarSinalizador07-2.mp4,5,Aproveitar,7,2,4
/data/popo/Sinalizador07/Canon/19VacinaSinalizador07-3.mp4,19,Vacina,7,3,18
/data/popo/Sinalizador10/Canon/09BarulhoSinalizador10-1.mp4,9,Barulho,10,1,8
/data/popo/Sinalizador01/Canon/04AmericaSinalizador01-4.mp4,4,America,1,4,3
/data/popo/Sinalizador05/Canon/03AmareloSinalizador05-2.mp4,3,Amarelo,5,2,2
/data/popo/Sinalizador09/Canon/09BarulhoSinalizador09-2.mp4,9,Barulho,9,2,8
/data/popo/Sinalizador04/Canon/02AlunoSinalizador04-5.mp4,2,Aluno,4,5,1
/data/popo/Sinalizador06/Canon/10CincoSinalizador06-3.mp4,10,Cinco,6,3,9
/data/popo/Sinalizador02/Canon/14FilhoSinalizador02-3.mp4,14,Filho,2,3,13
/data/popo/Sinalizador06/Canon/20VontadeSinalizador06-5.mp4,20,Vontade,6,5,19
/data/popo/Sinalizador09/Canon/05AproveitarSinalizador09-1.mp4,5,Aproveitar,9,1,4
/data/popo/Sinalizador08/Canon/08BanheiroSinalizador08-5.mp4,8,Banheiro,8,5,7
/data/popo/Sinalizador10/Canon/10CincoSinalizador10-1.mp4,10,Cinco,10,1,9
/data/popo/Sinalizador05/Canon/19VacinaSinalizador05-1.mp4,19,Vacina,5,1,18
/data/popo/Sinalizador08/Canon/08BanheiroSinalizador08-1.mp4,8,Banheiro,8,1,7
/data/popo/Sinalizador01/Canon/15MacaSinalizador01-2.mp4,15,Maca,1,2,14
/data/popo/Sinalizador01/Canon/13EsquinaSinalizador01-2.mp4,13,Esquina,1,2,12
/data/popo/Sinalizador05/Canon/07BancoSinalizador05-1.mp4,7,Banco,5,1,6
/data/popo/Sinalizador04/Canon/01AcontecerSinalizador04-5.mp4,1,Acontecer,4,5,0
/data/popo/Sinalizador03/Canon/03AmareloSinalizador03-4.mp4,3,Amarelo,3,4,2
/data/popo/Sinalizador10/Canon/01AcontecerSinalizador10-2.mp4,1,Acontecer,10,2,0
/data/popo/Sinalizador03/Canon/13EsquinaSinalizador03-5.mp4,13,Esquina,3,5,12
/data/popo/Sinalizador03/Canon/16MedoSinalizador03-5.mp4,16,Medo,3,5,15
/data/popo/Sinalizador09/Canon/10CincoSinalizador09-5.mp4,10,Cinco,9,5,9
/data/popo/Sinalizador09/Canon/15MacaSinalizador09-3.mp4,15,Maca,9,3,14
/data/popo/Sinalizador03/Canon/14FilhoSinalizador03-1.mp4,14,Filho,3,1,13
/data/popo/Sinalizador02/Canon/19VacinaSinalizador02-1.mp4,19,Vacina,2,1,18
/data/popo/Sinalizador05/Canon/07BancoSinalizador05-5.mp4,7,Banco,5,5,6
/data/popo/Sinalizador10/Canon/20VontadeSinalizador10-1.mp4,20,Vontade,10,1,19
/data/popo/Sinalizador05/Canon/06BalaSinalizador05-5.mp4,6,Bala,5,5,5
/data/popo/Sinalizador08/Canon/17RuimSinalizador08-5.mp4,17,Ruim,8,5,16
/data/popo/Sinalizador01/Canon/17RuimSinalizador01-4.mp4,17,Ruim,1,4,16
/data/popo/Sinalizador07/Canon/03AmareloSinalizador07-4.mp4,3,Amarelo,7,4,2
/data/popo/Sinalizador03/Canon/06BalaSinalizador03-1.mp4,6,Bala,3,1,5
/data/popo/Sinalizador02/Canon/20VontadeSinalizador02-2.mp4,20,Vontade,2,2,19
/data/popo/Sinalizador05/Canon/16MedoSinalizador05-5.mp4,16,Medo,5,5,15
/data/popo/Sinalizador02/Canon/02AlunoSinalizador02-5.mp4,2,Aluno,2,5,1
/data/popo/Sinalizador05/Canon/15MacaSinalizador05-1.mp4,15,Maca,5,1,14
/data/popo/Sinalizador10/Canon/07BancoSinalizador10-3.mp4,7,Banco,10,3,6
/data/popo/Sinalizador04/Canon/02AlunoSinalizador04-1.mp4,2,Aluno,4,1,1
/data/popo/Sinalizador09/Canon/10CincoSinalizador09-3.mp4,10,Cinco,9,3,9
/data/popo/Sinalizador06/Canon/17RuimSinalizador06-5.mp4,17,Ruim,6,5,16
/data/popo/Sinalizador03/Canon/14FilhoSinalizador03-4.mp4,14,Filho,3,4,13
/data/popo/Sinalizador04/Canon/02AlunoSinalizador04-3.mp4,2,Aluno,4,3,1
/data/popo/Sinalizador03/Canon/12EspelhoSinalizador03-5.mp4,12,Espelho,3,5,11
/data/popo/Sinalizador09/Canon/12EspelhoSinalizador09-2.mp4,12,Espelho,9,2,11
/data/popo/Sinalizador06/Canon/14FilhoSinalizador06-4.mp4,14,Filho,6,4,13
/data/popo/Sinalizador07/Canon/17RuimSinalizador07-5.mp4,17,Ruim,7,5,16
/data/popo/Sinalizador01/Canon/12EspelhoSinalizador01-2.mp4,12,Espelho,1,2,11
/data/popo/Sinalizador01/Canon/18SapoSinalizador01-3.mp4,18,Sapo,1,3,17
/data/popo/Sinalizador04/Canon/20VontadeSinalizador04-1.mp4,20,Vontade,4,1,19
/data/popo/Sinalizador05/Canon/19VacinaSinalizador05-5.mp4,19,Vacina,5,5,18
/data/popo/Sinalizador08/Canon/15MacaSinalizador08-4.mp4,15,Maca,8,4,14
/data/popo/Sinalizador05/Canon/12EspelhoSinalizador05-1.mp4,12,Espelho,5,1,11
/data/popo/Sinalizador06/Canon/13EsquinaSinalizador06-5.mp4,13,Esquina,6,5,12
/data/popo/Sinalizador06/Canon/09BarulhoSinalizador06-5.mp4,9,Barulho,6,5,8
/data/popo/Sinalizador10/Canon/19VacinaSinalizador10-2.mp4,19,Vacina,10,2,18
/data/popo/Sinalizador02/Canon/19VacinaSinalizador02-4.mp4,19,Vacina,2,4,18
/data/popo/Sinalizador01/Canon/04AmericaSinalizador01-1.mp4,4,America,1,1,3
/data/popo/Sinalizador07/Canon/01AcontecerSinalizador07-5.mp4,1,Acontecer,7,5,0
/data/popo/Sinalizador08/Canon/16MedoSinalizador08-1.mp4,16,Medo,8,1,15
/data/popo/Sinalizador06/Canon/02AlunoSinalizador06-4.mp4,2,Aluno,6,4,1
/data/popo/Sinalizador02/Canon/10CincoSinalizador02-3.mp4,10,Cinco,2,3,9
/data/popo/Sinalizador06/Canon/11ConhecerSinalizador06-4.mp4,11,Conhecer,6,4,10
/data/popo/Sinalizador04/Canon/08BanheiroSinalizador04-3.mp4,8,Banheiro,4,3,7
/data/popo/Sinalizador02/Canon/07BancoSinalizador02-1.mp4,7,Banco,2,1,6
/data/popo/Sinalizador06/Canon/05AproveitarSinalizador06-5.mp4,5,Aproveitar,6,5,4
/data/popo/Sinalizador10/Canon/19VacinaSinalizador10-5.mp4,19,Vacina,10,5,18
/data/popo/Sinalizador05/Canon/07BancoSinalizador05-4.mp4,7,Banco,5,4,6
/data/popo/Sinalizador05/Canon/10CincoSinalizador05-5.mp4,10,Cinco,5,5,9
/data/popo/Sinalizador07/Canon/12EspelhoSinalizador07-4.mp4,12,Espelho,7,4,11
/data/popo/Sinalizador01/Canon/20VontadeSinalizador01-5.mp4,20,Vontade,1,5,19
/data/popo/Sinalizador04/Canon/09BarulhoSinalizador04-3.mp4,9,Barulho,4,3,8
/data/popo/Sinalizador04/Canon/11ConhecerSinalizador04-3.mp4,11,Conhecer,4,3,10
/data/popo/Sinalizador03/Canon/14FilhoSinalizador03-3.mp4,14,Filho,3,3,13
/data/popo/Sinalizador10/Canon/07BancoSinalizador10-4.mp4,7,Banco,10,4,6
/data/popo/Sinalizador04/Canon/16MedoSinalizador04-1.mp4,16,Medo,4,1,15
/data/popo/Sinalizador04/Canon/07BancoSinalizador04-4.mp4,7,Banco,4,4,6
/data/popo/Sinalizador08/Canon/07BancoSinalizador08-3.mp4,7,Banco,8,3,6
/data/popo/Sinalizador08/Canon/07BancoSinalizador08-5.mp4,7,Banco,8,5,6
/data/popo/Sinalizador10/Canon/13EsquinaSinalizador10-5.mp4,13,Esquina,10,5,12
/data/popo/Sinalizador07/Canon/05AproveitarSinalizador07-5.mp4,5,Aproveitar,7,5,4
/data/popo/Sinalizador01/Canon/11ConhecerSinalizador01-2.mp4,11,Conhecer,1,2,10
/data/popo/Sinalizador05/Canon/10CincoSinalizador05-2.mp4,10,Cinco,5,2,9
/data/popo/Sinalizador04/Canon/09BarulhoSinalizador04-5.mp4,9,Barulho,4,5,8
/data/popo/Sinalizador01/Canon/10CincoSinalizador01-1.mp4,10,Cinco,1,1,9
/data/popo/Sinalizador06/Canon/16MedoSinalizador06-3.mp4,16,Medo,6,3,15
/data/popo/Sinalizador04/Canon/16MedoSinalizador04-2.mp4,16,Medo,4,2,15
/data/popo/Sinalizador08/Canon/19VacinaSinalizador08-4.mp4,19,Vacina,8,4,18
/data/popo/Sinalizador04/Canon/18SapoSinalizador04-2.mp4,18,Sapo,4,2,17
/data/popo/Sinalizador03/Canon/11ConhecerSinalizador03-5.mp4,11,Conhecer,3,5,10
/data/popo/Sinalizador05/Canon/05AproveitarSinalizador05-4.mp4,5,Aproveitar,5,4,4
/data/popo/Sinalizador10/Canon/05AproveitarSinalizador10-5.mp4,5,Aproveitar,10,5,4
/data/popo/Sinalizador06/Canon/16MedoSinalizador06-4.mp4,16,Medo,6,4,15
/data/popo/Sinalizador10/Canon/11ConhecerSinalizador10-5.mp4,11,Conhecer,10,5,10
/data/popo/Sinalizador09/Canon/15MacaSinalizador09-2.mp4,15,Maca,9,2,14
/data/popo/Sinalizador10/Canon/08BanheiroSinalizador10-1.mp4,8,Banheiro,10,1,7
/data/popo/Sinalizador02/Canon/05AproveitarSinalizador02-1.mp4,5,Aproveitar,2,1,4
/data/popo/Sinalizador05/Canon/12EspelhoSinalizador05-2.mp4,12,Espelho,5,2,11
/data/popo/Sinalizador01/Canon/11ConhecerSinalizador01-3.mp4,11,Conhecer,1,3,10
/data/popo/Sinalizador10/Canon/18SapoSinalizador10-4.mp4,18,Sapo,10,4,17
/data/popo/Sinalizador07/Canon/01AcontecerSinalizador07-2.mp4,1,Acontecer,7,2,0
/data/popo/Sinalizador09/Canon/07BancoSinalizador09-2.mp4,7,Banco,9,2,6
/data/popo/Sinalizador01/Canon/03AmareloSinalizador01-1.mp4,3,Amarelo,1,1,2
/data/popo/Sinalizador01/Canon/06BalaSinalizador01-3.mp4,6,Bala,1,3,5
/data/popo/Sinalizador03/Canon/14FilhoSinalizador03-2.mp4,14,Filho,3,2,13
/data/popo/Sinalizador01/Canon/10CincoSinalizador01-4.mp4,10,Cinco,1,4,9
/data/popo/Sinalizador05/Canon/08BanheiroSinalizador05-2.mp4,8,Banheiro,5,2,7
/data/popo/Sinalizador05/Canon/16MedoSinalizador05-1.mp4,16,Medo,5,1,15
/data/popo/Sinalizador06/Canon/05AproveitarSinalizador06-2.mp4,5,Aproveitar,6,2,4
/data/popo/Sinalizador06/Canon/16MedoSinalizador06-2.mp4,16,Medo,6,2,15
/data/popo/Sinalizador09/Canon/14FilhoSinalizador09-1.mp4,14,Filho,9,1,13
/data/popo/Sinalizador04/Canon/13EsquinaSinalizador04-4.mp4,13,Esquina,4,4,12
/data/popo/Sinalizador06/Canon/09BarulhoSinalizador06-2.mp4,9,Barulho,6,2,8
/data/popo/Sinalizador03/Canon/19VacinaSinalizador03-1.mp4,19,Vacina,3,1,18
/data/popo/Sinalizador08/Canon/11ConhecerSinalizador08-1.mp4,11,Conhecer,8,1,10
/data/popo/Sinalizador01/Canon/03AmareloSinalizador01-4.mp4,3,Amarelo,1,4,2
/data/popo/Sinalizador01/Canon/12EspelhoSinalizador01-3.mp4,12,Espelho,1,3,11
/data/popo/Sinalizador09/Canon/05AproveitarSinalizador09-3.mp4,5,Aproveitar,9,3,4
/data/popo/Sinalizador04/Canon/01AcontecerSinalizador04-3.mp4,1,Acontecer,4,3,0
/data/popo/Sinalizador10/Canon/07BancoSinalizador10-5.mp4,7,Banco,10,5,6
/data/popo/Sinalizador08/Canon/14FilhoSinalizador08-5.mp4,14,Filho,8,5,13
/data/popo/Sinalizador06/Canon/20VontadeSinalizador06-3.mp4,20,Vontade,6,3,19
/data/popo/Sinalizador09/Canon/20VontadeSinalizador09-2.mp4,20,Vontade,9,2,19
/data/popo/Sinalizador08/Canon/11ConhecerSinalizador08-4.mp4,11,Conhecer,8,4,10
/data/popo/Sinalizador09/Canon/14FilhoSinalizador09-5.mp4,14,Filho,9,5,13
/data/popo/Sinalizador08/Canon/19VacinaSinalizador08-3.mp4,19,Vacina,8,3,18
/data/popo/Sinalizador06/Canon/15MacaSinalizador06-1.mp4,15,Maca,6,1,14
/data/popo/Sinalizador07/Canon/19VacinaSinalizador07-1.mp4,19,Vacina,7,1,18
/data/popo/Sinalizador10/Canon/11ConhecerSinalizador10-2.mp4,11,Conhecer,10,2,10
/data/popo/Sinalizador10/Canon/05AproveitarSinalizador10-2.mp4,5,Aproveitar,10,2,4
/data/popo/Sinalizador09/Canon/18SapoSinalizador09-5.mp4,18,Sapo,9,5,17
/data/popo/Sinalizador08/Canon/10CincoSinalizador08-1.mp4,10,Cinco,8,1,9
/data/popo/Sinalizador08/Canon/13EsquinaSinalizador08-5.mp4,13,Esquina,8,5,12
/data/popo/Sinalizador01/Canon/02AlunoSinalizador01-4.mp4,2,Aluno,1,4,1
/data/popo/Sinalizador01/Canon/12EspelhoSinalizador01-5.mp4,12,Espelho,1,5,11
/data/popo/Sinalizador10/Canon/14FilhoSinalizador10-4.mp4,14,Filho,10,4,13
/data/popo/Sinalizador10/Canon/09BarulhoSinalizador10-4.mp4,9,Barulho,10,4,8
/data/popo/Sinalizador03/Canon/18SapoSinalizador03-5.mp4,18,Sapo,3,5,17
/data/popo/Sinalizador01/Canon/02AlunoSinalizador01-2.mp4,2,Aluno,1,2,1
/data/popo/Sinalizador02/Canon/15MacaSinalizador02-3.mp4,15,Maca,2,3,14
/data/popo/Sinalizador08/Canon/11ConhecerSinalizador08-2.mp4,11,Conhecer,8,2,10
/data/popo/Sinalizador02/Canon/08BanheiroSinalizador02-2.mp4,8,Banheiro,2,2,7
/data/popo/Sinalizador02/Canon/08BanheiroSinalizador02-5.mp4,8,Banheiro,2,5,7
/data/popo/Sinalizador08/Canon/02AlunoSinalizador08-4.mp4,2,Aluno,8,4,1
/data/popo/Sinalizador06/Canon/14FilhoSinalizador06-5.mp4,14,Filho,6,5,13
/data/popo/Sinalizador02/Canon/11ConhecerSinalizador02-2.mp4,11,Conhecer,2,2,10
/data/popo/Sinalizador03/Canon/20VontadeSinalizador03-3.mp4,20,Vontade,3,3,19
/data/popo/Sinalizador07/Canon/02AlunoSinalizador07-5.mp4,2,Aluno,7,5,1
/data/popo/Sinalizador08/Canon/03AmareloSinalizador08-3.mp4,3,Amarelo,8,3,2
/data/popo/Sinalizador05/Canon/07BancoSinalizador05-3.mp4,7,Banco,5,3,6
/data/popo/Sinalizador01/Canon/01AcontecerSinalizador01-4.mp4,1,Acontecer,1,4,0
/data/popo/Sinalizador03/Canon/09BarulhoSinalizador03-3.mp4,9,Barulho,3,3,8
/data/popo/Sinalizador06/Canon/03AmareloSinalizador06-5.mp4,3,Amarelo,6,5,2
/data/popo/Sinalizador03/Canon/20VontadeSinalizador03-2.mp4,20,Vontade,3,2,19
/data/popo/Sinalizador01/Canon/03AmareloSinalizador01-3.mp4,3,Amarelo,1,3,2
/data/popo/Sinalizador08/Canon/15MacaSinalizador08-5.mp4,15,Maca,8,5,14
/data/popo/Sinalizador01/Canon/04AmericaSinalizador01-5.mp4,4,America,1,5,3
/data/popo/Sinalizador07/Canon/19VacinaSinalizador07-2.mp4,19,Vacina,7,2,18
/data/popo/Sinalizador07/Canon/18SapoSinalizador07-1.mp4,18,Sapo,7,1,17
/data/popo/Sinalizador02/Canon/16MedoSinalizador02-5.mp4,16,Medo,2,5,15
/data/popo/Sinalizador08/Canon/14FilhoSinalizador08-2.mp4,14,Filho,8,2,13
/data/popo/Sinalizador04/Canon/18SapoSinalizador04-1.mp4,18,Sapo,4,1,17
/data/popo/Sinalizador08/Canon/02AlunoSinalizador08-3.mp4,2,Aluno,8,3,1
/data/popo/Sinalizador09/Canon/06BalaSinalizador09-3.mp4,6,Bala,9,3,5
/data/popo/Sinalizador05/Canon/04AmericaSinalizador05-3.mp4,4,America,5,3,3
/data/popo/Sinalizador01/Canon/13EsquinaSinalizador01-4.mp4,13,Esquina,1,4,12
/data/popo/Sinalizador05/Canon/18SapoSinalizador05-5.mp4,18,Sapo,5,5,17
/data/popo/Sinalizador04/Canon/11ConhecerSinalizador04-2.mp4,11,Conhecer,4,2,10
/data/popo/Sinalizador09/Canon/02AlunoSinalizador09-2.mp4,2,Aluno,9,2,1
/data/popo/Sinalizador02/Canon/13EsquinaSinalizador02-1.mp4,13,Esquina,2,1,12
/data/popo/Sinalizador03/Canon/18SapoSinalizador03-2.mp4,18,Sapo,3,2,17
/data/popo/Sinalizador05/Canon/09BarulhoSinalizador05-5.mp4,9,Barulho,5,5,8
/data/popo/Sinalizador01/Canon/09BarulhoSinalizador01-1.mp4,9,Barulho,1,1,8
/data/popo/Sinalizador08/Canon/16MedoSinalizador08-5.mp4,16,Medo,8,5,15
/data/popo/Sinalizador06/Canon/12EspelhoSinalizador06-4.mp4,12,Espelho,6,4,11
/data/popo/Sinalizador02/Canon/16MedoSinalizador02-2.mp4,16,Medo,2,2,15
/data/popo/Sinalizador04/Canon/15MacaSinalizador04-5.mp4,15,Maca,4,5,14
/data/popo/Sinalizador05/Canon/01AcontecerSinalizador05-1.mp4,1,Acontecer,5,1,0
/data/popo/Sinalizador07/Canon/07BancoSinalizador07-4.mp4,7,Banco,7,4,6
/data/popo/Sinalizador08/Canon/18SapoSinalizador08-1.mp4,18,Sapo,8,1,17
/data/popo/Sinalizador06/Canon/08BanheiroSinalizador06-2.mp4,8,Banheiro,6,2,7
/data/popo/Sinalizador05/Canon/17RuimSinalizador05-3.mp4,17,Ruim,5,3,16
/data/popo/Sinalizador05/Canon/11ConhecerSinalizador05-2.mp4,11,Conhecer,5,2,10
/data/popo/Sinalizador07/Canon/07BancoSinalizador07-2.mp4,7,Banco,7,2,6
/data/popo/Sinalizador10/Canon/04AmericaSinalizador10-1.mp4,4,America,10,1,3
/data/popo/Sinalizador07/Canon/03AmareloSinalizador07-1.mp4,3,Amarelo,7,1,2
/data/popo/Sinalizador01/Canon/16MedoSinalizador01-3.mp4,16,Medo,1,3,15
/data/popo/Sinalizador09/Canon/18SapoSinalizador09-2.mp4,18,Sapo,9,2,17
/data/popo/Sinalizador06/Canon/12EspelhoSinalizador06-3.mp4,12,Espelho,6,3,11
/data/popo/Sinalizador09/Canon/06BalaSinalizador09-2.mp4,6,Bala,9,2,5
/data/popo/Sinalizador09/Canon/06BalaSinalizador09-4.mp4,6,Bala,9,4,5
/data/popo/Sinalizador06/Canon/19VacinaSinalizador06-5.mp4,19,Vacina,6,5,18
/data/popo/Sinalizador08/Canon/05AproveitarSinalizador08-5.mp4,5,Aproveitar,8,5,4
/data/popo/Sinalizador05/Canon/15MacaSinalizador05-2.mp4,15,Maca,5,2,14
/data/popo/Sinalizador05/Canon/05AproveitarSinalizador05-1.mp4,5,Aproveitar,5,1,4
/data/popo/Sinalizador05/Canon/17RuimSinalizador05-1.mp4,17,Ruim,5,1,16
/data/popo/Sinalizador09/Canon/17RuimSinalizador09-2.mp4,17,Ruim,9,2,16
/data/popo/Sinalizador08/Canon/07BancoSinalizador08-4.mp4,7,Banco,8,4,6
/data/popo/Sinalizador08/Canon/04AmericaSinalizador08-1.mp4,4,America,8,1,3
/data/popo/Sinalizador10/Canon/13EsquinaSinalizador10-1.mp4,13,Esquina,10,1,12
/data/popo/Sinalizador02/Canon/07BancoSinalizador02-3.mp4,7,Banco,2,3,6
/data/popo/Sinalizador01/Canon/19VacinaSinalizador01-2.mp4,19,Vacina,1,2,18
/data/popo/Sinalizador09/Canon/17RuimSinalizador09-1.mp4,17,Ruim,9,1,16
/data/popo/Sinalizador07/Canon/05AproveitarSinalizador07-1.mp4,5,Aproveitar,7,1,4
/data/popo/Sinalizador01/Canon/08BanheiroSinalizador01-1.mp4,8,Banheiro,1,1,7
/data/popo/Sinalizador01/Canon/05AproveitarSinalizador01-1.mp4,5,Aproveitar,1,1,4
/data/popo/Sinalizador06/Canon/17RuimSinalizador06-3.mp4,17,Ruim,6,3,16
/data/popo/Sinalizador06/Canon/08BanheiroSinalizador06-3.mp4,8,Banheiro,6,3,7
/data/popo/Sinalizador08/Canon/18SapoSinalizador08-2.mp4,18,Sapo,8,2,17
/data/popo/Sinalizador06/Canon/02AlunoSinalizador06-1.mp4,2,Aluno,6,1,1
/data/popo/Sinalizador01/Canon/02AlunoSinalizador01-3.mp4,2,Aluno,1,3,1
/data/popo/Sinalizador07/Canon/04AmericaSinalizador07-5.mp4,4,America,7,5,3
/data/popo/Sinalizador06/Canon/05AproveitarSinalizador06-1.mp4,5,Aproveitar,6,1,4
/data/popo/Sinalizador10/Canon/12EspelhoSinalizador10-4.mp4,12,Espelho,10,4,11
/data/popo/Sinalizador09/Canon/19VacinaSinalizador09-1.mp4,19,Vacina,9,1,18
/data/popo/Sinalizador07/Canon/10CincoSinalizador07-3.mp4,10,Cinco,7,3,9
/data/popo/Sinalizador08/Canon/20VontadeSinalizador08-2.mp4,20,Vontade,8,2,19
/data/popo/Sinalizador08/Canon/10CincoSinalizador08-3.mp4,10,Cinco,8,3,9
/data/popo/Sinalizador02/Canon/12EspelhoSinalizador02-5.mp4,12,Espelho,2,5,11
/data/popo/Sinalizador05/Canon/16MedoSinalizador05-2.mp4,16,Medo,5,2,15
/data/popo/Sinalizador03/Canon/13EsquinaSinalizador03-1.mp4,13,Esquina,3,1,12
/data/popo/Sinalizador07/Canon/07BancoSinalizador07-1.mp4,7,Banco,7,1,6
/data/popo/Sinalizador02/Canon/13EsquinaSinalizador02-3.mp4,13,Esquina,2,3,12
/data/popo/Sinalizador03/Canon/20VontadeSinalizador03-5.mp4,20,Vontade,3,5,19
/data/popo/Sinalizador07/Canon/06BalaSinalizador07-4.mp4,6,Bala,7,4,5
/data/popo/Sinalizador03/Canon/17RuimSinalizador03-1.mp4,17,Ruim,3,1,16
/data/popo/Sinalizador03/Canon/08BanheiroSinalizador03-4.mp4,8,Banheiro,3,4,7
/data/popo/Sinalizador04/Canon/15MacaSinalizador04-4.mp4,15,Maca,4,4,14
/data/popo/Sinalizador06/Canon/01AcontecerSinalizador06-3.mp4,1,Acontecer,6,3,0
/data/popo/Sinalizador01/Canon/17RuimSinalizador01-2.mp4,17,Ruim,1,2,16
/data/popo/Sinalizador07/Canon/16MedoSinalizador07-1.mp4,16,Medo,7,1,15
/data/popo/Sinalizador02/Canon/09BarulhoSinalizador02-1.mp4,9,Barulho,2,1,8
/data/popo/Sinalizador05/Canon/18SapoSinalizador05-2.mp4,18,Sapo,5,2,17
/data/popo/Sinalizador10/Canon/15MacaSinalizador10-5.mp4,15,Maca,10,5,14
/data/popo/Sinalizador05/Canon/02AlunoSinalizador05-3.mp4,2,Aluno,5,3,1
/data/popo/Sinalizador10/Canon/17RuimSinalizador10-5.mp4,17,Ruim,10,5,16
/data/popo/Sinalizador08/Canon/13EsquinaSinalizador08-3.mp4,13,Esquina,8,3,12
/data/popo/Sinalizador02/Canon/04AmericaSinalizador02-1.mp4,4,America,2,1,3
/data/popo/Sinalizador02/Canon/14FilhoSinalizador02-2.mp4,14,Filho,2,2,13
/data/popo/Sinalizador02/Canon/01AcontecerSinalizador02-2.mp4,1,Acontecer,2,2,0
/data/popo/Sinalizador03/Canon/01AcontecerSinalizador03-2.mp4,1,Acontecer,3,2,0
/data/popo/Sinalizador06/Canon/19VacinaSinalizador06-2.mp4,19,Vacina,6,2,18
/data/popo/Sinalizador05/Canon/01AcontecerSinalizador05-2.mp4,1,Acontecer,5,2,0
/data/popo/Sinalizador04/Canon/17RuimSinalizador04-5.mp4,17,Ruim,4,5,16
/data/popo/Sinalizador04/Canon/19VacinaSinalizador04-2.mp4,19,Vacina,4,2,18
/data/popo/Sinalizador09/Canon/09BarulhoSinalizador09-5.mp4,9,Barulho,9,5,8
/data/popo/Sinalizador05/Canon/14FilhoSinalizador05-1.mp4,14,Filho,5,1,13
/data/popo/Sinalizador07/Canon/04AmericaSinalizador07-1.mp4,4,America,7,1,3
/data/popo/Sinalizador10/Canon/20VontadeSinalizador10-4.mp4,20,Vontade,10,4,19
/data/popo/Sinalizador05/Canon/16MedoSinalizador05-3.mp4,16,Medo,5,3,15
/data/popo/Sinalizador06/Canon/08BanheiroSinalizador06-5.mp4,8,Banheiro,6,5,7
/data/popo/Sinalizador07/Canon/19VacinaSinalizador07-4.mp4,19,Vacina,7,4,18
/data/popo/Sinalizador05/Canon/03AmareloSinalizador05-1.mp4,3,Amarelo,5,1,2
/data/popo/Sinalizador08/Canon/03AmareloSinalizador08-5.mp4,3,Amarelo,8,5,2
/data/popo/Sinalizador09/Canon/17RuimSinalizador09-5.mp4,17,Ruim,9,5,16
/data/popo/Sinalizador08/Canon/11ConhecerSinalizador08-3.mp4,11,Conhecer,8,3,10
/data/popo/Sinalizador01/Canon/04AmericaSinalizador01-2.mp4,4,America,1,2,3
/data/popo/Sinalizador03/Canon/01AcontecerSinalizador03-4.mp4,1,Acontecer,3,4,0
/data/popo/Sinalizador08/Canon/13EsquinaSinalizador08-1.mp4,13,Esquina,8,1,12
/data/popo/Sinalizador04/Canon/06BalaSinalizador04-1.mp4,6,Bala,4,1,5
/data/popo/Sinalizador09/Canon/07BancoSinalizador09-3.mp4,7,Banco,9,3,6
/data/popo/Sinalizador08/Canon/06BalaSinalizador08-1.mp4,6,Bala,8,1,5
/data/popo/Sinalizador07/Canon/09BarulhoSinalizador07-3.mp4,9,Barulho,7,3,8
/data/popo/Sinalizador02/Canon/07BancoSinalizador02-2.mp4,7,Banco,2,2,6
/data/popo/Sinalizador07/Canon/06BalaSinalizador07-5.mp4,6,Bala,7,5,5
/data/popo/Sinalizador06/Canon/13EsquinaSinalizador06-4.mp4,13,Esquina,6,4,12
/data/popo/Sinalizador05/Canon/06BalaSinalizador05-4.mp4,6,Bala,5,4,5
/data/popo/Sinalizador03/Canon/03AmareloSinalizador03-2.mp4,3,Amarelo,3,2,2
/data/popo/Sinalizador10/Canon/04AmericaSinalizador10-3.mp4,4,America,10,3,3
/data/popo/Sinalizador01/Canon/02AlunoSinalizador01-5.mp4,2,Aluno,1,5,1
/data/popo/Sinalizador05/Canon/05AproveitarSinalizador05-5.mp4,5,Aproveitar,5,5,4
/data/popo/Sinalizador01/Canon/07BancoSinalizador01-3.mp4,7,Banco,1,3,6
/data/popo/Sinalizador09/Canon/09BarulhoSinalizador09-1.mp4,9,Barulho,9,1,8
/data/popo/Sinalizador07/Canon/13EsquinaSinalizador07-2.mp4,13,Esquina,7,2,12
/data/popo/Sinalizador02/Canon/14FilhoSinalizador02-4.mp4,14,Filho,2,4,13
/data/popo/Sinalizador01/Canon/02AlunoSinalizador01-1.mp4,2,Aluno,1,1,1
/data/popo/Sinalizador09/Canon/06BalaSinalizador09-5.mp4,6,Bala,9,5,5
/data/popo/Sinalizador06/Canon/07BancoSinalizador06-1.mp4,7,Banco,6,1,6
/data/popo/Sinalizador08/Canon/18SapoSinalizador08-5.mp4,18,Sapo,8,5,17
/data/popo/Sinalizador07/Canon/20VontadeSinalizador07-2.mp4,20,Vontade,7,2,19
/data/popo/Sinalizador10/Canon/17RuimSinalizador10-1.mp4,17,Ruim,10,1,16
/data/popo/Sinalizador06/Canon/03AmareloSinalizador06-3.mp4,3,Amarelo,6,3,2
/data/popo/Sinalizador10/Canon/12EspelhoSinalizador10-2.mp4,12,Espelho,10,2,11
/data/popo/Sinalizador02/Canon/16MedoSinalizador02-1.mp4,16,Medo,2,1,15
/data/popo/Sinalizador07/Canon/13EsquinaSinalizador07-5.mp4,13,Esquina,7,5,12
/data/popo/Sinalizador07/Canon/13EsquinaSinalizador07-3.mp4,13,Esquina,7,3,12
/data/popo/Sinalizador04/Canon/03AmareloSinalizador04-3.mp4,3,Amarelo,4,3,2
/data/popo/Sinalizador05/Canon/15MacaSinalizador05-4.mp4,15,Maca,5,4,14
/data/popo/Sinalizador06/Canon/10CincoSinalizador06-4.mp4,10,Cinco,6,4,9
/data/popo/Sinalizador04/Canon/04AmericaSinalizador04-1.mp4,4,America,4,1,3
/data/popo/Sinalizador02/Canon/03AmareloSinalizador02-1.mp4,3,Amarelo,2,1,2
/data/popo/Sinalizador08/Canon/04AmericaSinalizador08-3.mp4,4,America,8,3,3
/data/popo/Sinalizador03/Canon/09BarulhoSinalizador03-1.mp4,9,Barulho,3,1,8
/data/popo/Sinalizador08/Canon/01AcontecerSinalizador08-3.mp4,1,Acontecer,8,3,0
/data/popo/Sinalizador04/Canon/20VontadeSinalizador04-3.mp4,20,Vontade,4,3,19
/data/popo/Sinalizador02/Canon/17RuimSinalizador02-4.mp4,17,Ruim,2,4,16
/data/popo/Sinalizador04/Canon/19VacinaSinalizador04-3.mp4,19,Vacina,4,3,18
/data/popo/Sinalizador07/Canon/18SapoSinalizador07-2.mp4,18,Sapo,7,2,17
/data/popo/Sinalizador06/Canon/12EspelhoSinalizador06-1.mp4,12,Espelho,6,1,11
/data/popo/Sinalizador05/Canon/13EsquinaSinalizador05-1.mp4,13,Esquina,5,1,12
/data/popo/Sinalizador06/Canon/04AmericaSinalizador06-1.mp4,4,America,6,1,3
/data/popo/Sinalizador03/Canon/08BanheiroSinalizador03-3.mp4,8,Banheiro,3,3,7
/data/popo/Sinalizador04/Canon/19VacinaSinalizador04-4.mp4,19,Vacina,4,4,18
/data/popo/Sinalizador05/Canon/03AmareloSinalizador05-5.mp4,3,Amarelo,5,5,2
/data/popo/Sinalizador04/Canon/03AmareloSinalizador04-5.mp4,3,Amarelo,4,5,2
/data/popo/Sinalizador07/Canon/16MedoSinalizador07-5.mp4,16,Medo,7,5,15
/data/popo/Sinalizador03/Canon/20VontadeSinalizador03-4.mp4,20,Vontade,3,4,19
/data/popo/Sinalizador02/Canon/17RuimSinalizador02-5.mp4,17,Ruim,2,5,16
/data/popo/Sinalizador10/Canon/19VacinaSinalizador10-1.mp4,19,Vacina,10,1,18
/data/popo/Sinalizador07/Canon/06BalaSinalizador07-1.mp4,6,Bala,7,1,5
/data/popo/Sinalizador05/Canon/02AlunoSinalizador05-4.mp4,2,Aluno,5,4,1
/data/popo/Sinalizador08/Canon/09BarulhoSinalizador08-5.mp4,9,Barulho,8,5,8
/data/popo/Sinalizador07/Canon/11ConhecerSinalizador07-3.mp4,11,Conhecer,7,3,10
/data/popo/Sinalizador01/Canon/16MedoSinalizador01-2.mp4,16,Medo,1,2,15
/data/popo/Sinalizador06/Canon/01AcontecerSinalizador06-1.mp4,1,Acontecer,6,1,0
/data/popo/Sinalizador08/Canon/19VacinaSinalizador08-5.mp4,19,Vacina,8,5,18
/data/popo/Sinalizador01/Canon/18SapoSinalizador01-4.mp4,18,Sapo,1,4,17
/data/popo/Sinalizador07/Canon/05AproveitarSinalizador07-4.mp4,5,Aproveitar,7,4,4
/data/popo/Sinalizador08/Canon/16MedoSinalizador08-4.mp4,16,Medo,8,4,15
/data/popo/Sinalizador03/Canon/15MacaSinalizador03-3.mp4,15,Maca,3,3,14
/data/popo/Sinalizador07/Canon/03AmareloSinalizador07-2.mp4,3,Amarelo,7,2,2
/data/popo/Sinalizador05/Canon/10CincoSinalizador05-3.mp4,10,Cinco,5,3,9
/data/popo/Sinalizador03/Canon/05AproveitarSinalizador03-4.mp4,5,Aproveitar,3,4,4
/data/popo/Sinalizador03/Canon/12EspelhoSinalizador03-4.mp4,12,Espelho,3,4,11
/data/popo/Sinalizador08/Canon/02AlunoSinalizador08-1.mp4,2,Aluno,8,1,1
/data/popo/Sinalizador01/Canon/07BancoSinalizador01-1.mp4,7,Banco,1,1,6
/data/popo/Sinalizador04/Canon/06BalaSinalizador04-4.mp4,6,Bala,4,4,5
/data/popo/Sinalizador10/Canon/03AmareloSinalizador10-1.mp4,3,Amarelo,10,1,2
/data/popo/Sinalizador05/Canon/20VontadeSinalizador05-3.mp4,20,Vontade,5,3,19
/data/popo/Sinalizador04/Canon/13EsquinaSinalizador04-5.mp4,13,Esquina,4,5,12
/data/popo/Sinalizador07/Canon/05AproveitarSinalizador07-3.mp4,5,Aproveitar,7,3,4
/data/popo/Sinalizador04/Canon/05AproveitarSinalizador04-1.mp4,5,Aproveitar,4,1,4
/data/popo/Sinalizador04/Canon/20VontadeSinalizador04-2.mp4,20,Vontade,4,2,19
/data/popo/Sinalizador01/Canon/01AcontecerSinalizador01-5.mp4,1,Acontecer,1,5,0
/data/popo/Sinalizador09/Canon/01AcontecerSinalizador09-2.mp4,1,Acontecer,9,2,0
/data/popo/Sinalizador07/Canon/11ConhecerSinalizador07-1.mp4,11,Conhecer,7,1,10
/data/popo/Sinalizador06/Canon/04AmericaSinalizador06-5.mp4,4,America,6,5,3
/data/popo/Sinalizador02/Canon/08BanheiroSinalizador02-1.mp4,8,Banheiro,2,1,7
/data/popo/Sinalizador06/Canon/12EspelhoSinalizador06-5.mp4,12,Espelho,6,5,11
/data/popo/Sinalizador04/Canon/11ConhecerSinalizador04-4.mp4,11,Conhecer,4,4,10
/data/popo/Sinalizador03/Canon/08BanheiroSinalizador03-1.mp4,8,Banheiro,3,1,7
/data/popo/Sinalizador06/Canon/19VacinaSinalizador06-4.mp4,19,Vacina,6,4,18
/data/popo/Sinalizador06/Canon/01AcontecerSinalizador06-4.mp4,1,Acontecer,6,4,0
/data/popo/Sinalizador03/Canon/19VacinaSinalizador03-4.mp4,19,Vacina,3,4,18
/data/popo/Sinalizador09/Canon/20VontadeSinalizador09-1.mp4,20,Vontade,9,1,19
/data/popo/Sinalizador02/Canon/06BalaSinalizador02-3.mp4,6,Bala,2,3,5
/data/popo/Sinalizador06/Canon/18SapoSinalizador06-4.mp4,18,Sapo,6,4,17
/data/popo/Sinalizador02/Canon/09BarulhoSinalizador02-2.mp4,9,Barulho,2,2,8
/data/popo/Sinalizador01/Canon/14FilhoSinalizador01-3.mp4,14,Filho,1,3,13
/data/popo/Sinalizador07/Canon/09BarulhoSinalizador07-7.mp4,9,Barulho,7,7,8
/data/popo/Sinalizador10/Canon/16MedoSinalizador10-3.mp4,16,Medo,10,3,15
/data/popo/Sinalizador04/Canon/12EspelhoSinalizador04-2.mp4,12,Espelho,4,2,11
/data/popo/Sinalizador04/Canon/09BarulhoSinalizador04-2.mp4,9,Barulho,4,2,8
/data/popo/Sinalizador05/Canon/04AmericaSinalizador05-5.mp4,4,America,5,5,3
/data/popo/Sinalizador10/Canon/09BarulhoSinalizador10-2.mp4,9,Barulho,10,2,8
/data/popo/Sinalizador01/Canon/03AmareloSinalizador01-2.mp4,3,Amarelo,1,2,2
/data/popo/Sinalizador09/Canon/02AlunoSinalizador09-5.mp4,2,Aluno,9,5,1
/data/popo/Sinalizador09/Canon/12EspelhoSinalizador09-4.mp4,12,Espelho,9,4,11
/data/popo/Sinalizador06/Canon/04AmericaSinalizador06-2.mp4,4,America,6,2,3
/data/popo/Sinalizador08/Canon/02AlunoSinalizador08-2.mp4,2,Aluno,8,2,1
/data/popo/Sinalizador03/Canon/07BancoSinalizador03-4.mp4,7,Banco,3,4,6
/data/popo/Sinalizador10/Canon/05AproveitarSinalizador10-3.mp4,5,Aproveitar,10,3,4
/data/popo/Sinalizador03/Canon/05AproveitarSinalizador03-5.mp4,5,Aproveitar,3,5,4
/data/popo/Sinalizador06/Canon/13EsquinaSinalizador06-2.mp4,13,Esquina,6,2,12
/data/popo/Sinalizador01/Canon/05AproveitarSinalizador01-5.mp4,5,Aproveitar,1,5,4
/data/popo/Sinalizador04/Canon/01AcontecerSinalizador04-1.mp4,1,Acontecer,4,1,0
/data/popo/Sinalizador06/Canon/20VontadeSinalizador06-1.mp4,20,Vontade,6,1,19
/data/popo/Sinalizador08/Canon/18SapoSinalizador08-3.mp4,18,Sapo,8,3,17
/data/popo/Sinalizador07/Canon/14FilhoSinalizador07-5.mp4,14,Filho,7,5,13
/data/popo/Sinalizador04/Canon/09BarulhoSinalizador04-1.mp4,9,Barulho,4,1,8
/data/popo/Sinalizador01/Canon/11ConhecerSinalizador01-5.mp4,11,Conhecer,1,5,10
/data/popo/Sinalizador07/Canon/12EspelhoSinalizador07-3.mp4,12,Espelho,7,3,11
/data/popo/Sinalizador10/Canon/17RuimSinalizador10-2.mp4,17,Ruim,10,2,16
/data/popo/Sinalizador07/Canon/10CincoSinalizador07-2.mp4,10,Cinco,7,2,9
/data/popo/Sinalizador07/Canon/02AlunoSinalizador07-1.mp4,2,Aluno,7,1,1
/data/popo/Sinalizador02/Canon/15MacaSinalizador02-5.mp4,15,Maca,2,5,14
/data/popo/Sinalizador01/Canon/14FilhoSinalizador01-5.mp4,14,Filho,1,5,13
/data/popo/Sinalizador02/Canon/07BancoSinalizador02-4.mp4,7,Banco,2,4,6
/data/popo/Sinalizador08/Canon/19VacinaSinalizador08-2.mp4,19,Vacina,8,2,18
/data/popo/Sinalizador02/Canon/03AmareloSinalizador02-4.mp4,3,Amarelo,2,4,2
/data/popo/Sinalizador01/Canon/08BanheiroSinalizador01-2.mp4,8,Banheiro,1,2,7
/data/popo/Sinalizador02/Canon/11ConhecerSinalizador02-5.mp4,11,Conhecer,2,5,10
/data/popo/Sinalizador06/Canon/06BalaSinalizador06-4.mp4,6,Bala,6,4,5
/data/popo/Sinalizador05/Canon/19VacinaSinalizador05-4.mp4,19,Vacina,5,4,18
/data/popo/Sinalizador04/Canon/08BanheiroSinalizador04-2.mp4,8,Banheiro,4,2,7
/data/popo/Sinalizador03/Canon/11ConhecerSinalizador03-4.mp4,11,Conhecer,3,4,10
/data/popo/Sinalizador02/Canon/10CincoSinalizador02-1.mp4,10,Cinco,2,1,9
/data/popo/Sinalizador08/Canon/15MacaSinalizador08-1.mp4,15,Maca,8,1,14
/data/popo/Sinalizador03/Canon/20VontadeSinalizador03-1.mp4,20,Vontade,3,1,19
/data/popo/Sinalizador09/Canon/05AproveitarSinalizador09-4.mp4,5,Aproveitar,9,4,4
/data/popo/Sinalizador04/Canon/18SapoSinalizador04-4.mp4,18,Sapo,4,4,17
/data/popo/Sinalizador10/Canon/16MedoSinalizador10-1.mp4,16,Medo,10,1,15
/data/popo/Sinalizador02/Canon/17RuimSinalizador02-2.mp4,17,Ruim,2,2,16
/data/popo/Sinalizador09/Canon/10CincoSinalizador09-2.mp4,10,Cinco,9,2,9
/data/popo/Sinalizador04/Canon/20VontadeSinalizador04-5.mp4,20,Vontade,4,5,19
/data/popo/Sinalizador02/Canon/11ConhecerSinalizador02-1.mp4,11,Conhecer,2,1,10
/data/popo/Sinalizador10/Canon/08BanheiroSinalizador10-2.mp4,8,Banheiro,10,2,7
/data/popo/Sinalizador04/Canon/19VacinaSinalizador04-5.mp4,19,Vacina,4,5,18
/data/popo/Sinalizador06/Canon/12EspelhoSinalizador06-2.mp4,12,Espelho,6,2,11
/data/popo/Sinalizador04/Canon/01AcontecerSinalizador04-2.mp4,1,Acontecer,4,2,0
/data/popo/Sinalizador10/Canon/02AlunoSinalizador10-5.mp4,2,Aluno,10,5,1
/data/popo/Sinalizador10/Canon/10CincoSinalizador10-2.mp4,10,Cinco,10,2,9
/data/popo/Sinalizador03/Canon/15MacaSinalizador03-1.mp4,15,Maca,3,1,14
/data/popo/Sinalizador10/Canon/03AmareloSinalizador10-2.mp4,3,Amarelo,10,2,2
/data/popo/Sinalizador05/Canon/04AmericaSinalizador05-2.mp4,4,America,5,2,3
/data/popo/Sinalizador10/Canon/04AmericaSinalizador10-4.mp4,4,America,10,4,3
/data/popo/Sinalizador09/Canon/18SapoSinalizador09-4.mp4,18,Sapo,9,4,17
/data/popo/Sinalizador01/Canon/09BarulhoSinalizador01-4.mp4,9,Barulho,1,4,8
/data/popo/Sinalizador02/Canon/12EspelhoSinalizador02-2.mp4,12,Espelho,2,2,11
/data/popo/Sinalizador06/Canon/17RuimSinalizador06-4.mp4,17,Ruim,6,4,16
/data/popo/Sinalizador06/Canon/18SapoSinalizador06-2.mp4,18,Sapo,6,2,17
/data/popo/Sinalizador05/Canon/06BalaSinalizador05-2.mp4,6,Bala,5,2,5
/data/popo/Sinalizador04/Canon/19VacinaSinalizador04-1.mp4,19,Vacina,4,1,18
/data/popo/Sinalizador07/Canon/04AmericaSinalizador07-2.mp4,4,America,7,2,3
/data/popo/Sinalizador07/Canon/06BalaSinalizador07-2.mp4,6,Bala,7,2,5
/data/popo/Sinalizador08/Canon/10CincoSinalizador08-5.mp4,10,Cinco,8,5,9
/data/popo/Sinalizador08/Canon/09BarulhoSinalizador08-4.mp4,9,Barulho,8,4,8
/data/popo/Sinalizador06/Canon/08BanheiroSinalizador06-1.mp4,8,Banheiro,6,1,7
/data/popo/Sinalizador07/Canon/09BarulhoSinalizador07-1.mp4,9,Barulho,7,1,8
/data/popo/Sinalizador09/Canon/19VacinaSinalizador09-4.mp4,19,Vacina,9,4,18
/data/popo/Sinalizador02/Canon/04AmericaSinalizador02-3.mp4,4,America,2,3,3
/data/popo/Sinalizador05/Canon/18SapoSinalizador05-1.mp4,18,Sapo,5,1,17
/data/popo/Sinalizador10/Canon/18SapoSinalizador10-5.mp4,18,Sapo,10,5,17
/data/popo/Sinalizador10/Canon/01AcontecerSinalizador10-4.mp4,1,Acontecer,10,4,0
/data/popo/Sinalizador08/Canon/17RuimSinalizador08-3.mp4,17,Ruim,8,3,16
/data/popo/Sinalizador05/Canon/02AlunoSinalizador05-1.mp4,2,Aluno,5,1,1
/data/popo/Sinalizador04/Canon/07BancoSinalizador04-5.mp4,7,Banco,4,5,6
/data/popo/Sinalizador01/Canon/08BanheiroSinalizador01-4.mp4,8,Banheiro,1,4,7
/data/popo/Sinalizador10/Canon/16MedoSinalizador10-4.mp4,16,Medo,10,4,15
/data/popo/Sinalizador07/Canon/20VontadeSinalizador07-5.mp4,20,Vontade,7,5,19
/data/popo/Sinalizador02/Canon/18SapoSinalizador02-5.mp4,18,Sapo,2,5,17
/data/popo/Sinalizador09/Canon/04AmericaSinalizador09-2.mp4,4,America,9,2,3
/data/popo/Sinalizador01/Canon/17RuimSinalizador01-5.mp4,17,Ruim,1,5,16
/data/popo/Sinalizador05/Canon/09BarulhoSinalizador05-4.mp4,9,Barulho,5,4,8
/data/popo/Sinalizador05/Canon/02AlunoSinalizador05-5.mp4,2,Aluno,5,5,1
/data/popo/Sinalizador09/Canon/18SapoSinalizador09-1.mp4,18,Sapo,9,1,17
/data/popo/Sinalizador10/Canon/20VontadeSinalizador10-3.mp4,20,Vontade,10,3,19
/data/popo/Sinalizador10/Canon/17RuimSinalizador10-3.mp4,17,Ruim,10,3,16
/data/popo/Sinalizador07/Canon/18SapoSinalizador07-4.mp4,18,Sapo,7,4,17
/data/popo/Sinalizador07/Canon/18SapoSinalizador07-5.mp4,18,Sapo,7,5,17
/data/popo/Sinalizador10/Canon/06BalaSinalizador10-1.mp4,6,Bala,10,1,5
/data/popo/Sinalizador01/Canon/06BalaSinalizador01-5.mp4,6,Bala,1,5,5
/data/popo/Sinalizador02/Canon/05AproveitarSinalizador02-2.mp4,5,Aproveitar,2,2,4
/data/popo/Sinalizador07/Canon/20VontadeSinalizador07-3.mp4,20,Vontade,7,3,19
/data/popo/Sinalizador02/Canon/16MedoSinalizador02-4.mp4,16,Medo,2,4,15
/data/popo/Sinalizador02/Canon/13EsquinaSinalizador02-4.mp4,13,Esquina,2,4,12
/data/popo/Sinalizador05/Canon/13EsquinaSinalizador05-3.mp4,13,Esquina,5,3,12
/data/popo/Sinalizador09/Canon/15MacaSinalizador09-1.mp4,15,Maca,9,1,14
/data/popo/Sinalizador09/Canon/05AproveitarSinalizador09-5.mp4,5,Aproveitar,9,5,4
/data/popo/Sinalizador04/Canon/07BancoSinalizador04-3.mp4,7,Banco,4,3,6
/data/popo/Sinalizador04/Canon/18SapoSinalizador04-3.mp4,18,Sapo,4,3,17
/data/popo/Sinalizador04/Canon/11ConhecerSinalizador04-1.mp4,11,Conhecer,4,1,10
/data/popo/Sinalizador06/Canon/03AmareloSinalizador06-4.mp4,3,Amarelo,6,4,2
/data/popo/Sinalizador08/Canon/11ConhecerSinalizador08-5.mp4,11,Conhecer,8,5,10
/data/popo/Sinalizador08/Canon/20VontadeSinalizador08-3.mp4,20,Vontade,8,3,19
/data/popo/Sinalizador02/Canon/04AmericaSinalizador02-2.mp4,4,America,2,2,3
/data/popo/Sinalizador01/Canon/11ConhecerSinalizador01-4.mp4,11,Conhecer,1,4,10
/data/popo/Sinalizador08/Canon/06BalaSinalizador08-2.mp4,6,Bala,8,2,5
/data/popo/Sinalizador05/Canon/12EspelhoSinalizador05-5.mp4,12,Espelho,5,5,11
/data/popo/Sinalizador04/Canon/08BanheiroSinalizador04-5.mp4,8,Banheiro,4,5,7
/data/popo/Sinalizador04/Canon/17RuimSinalizador04-3.mp4,17,Ruim,4,3,16
/data/popo/Sinalizador07/Canon/16MedoSinalizador07-4.mp4,16,Medo,7,4,15
/data/popo/Sinalizador02/Canon/01AcontecerSinalizador02-4.mp4,1,Acontecer,2,4,0
/data/popo/Sinalizador01/Canon/13EsquinaSinalizador01-3.mp4,13,Esquina,1,3,12
/data/popo/Sinalizador09/Canon/12EspelhoSinalizador09-5.mp4,12,Espelho,9,5,11
/data/popo/Sinalizador10/Canon/14FilhoSinalizador10-5.mp4,14,Filho,10,5,13
/data/popo/Sinalizador04/Canon/05AproveitarSinalizador04-5.mp4,5,Aproveitar,4,5,4
/data/popo/Sinalizador06/Canon/10CincoSinalizador06-5.mp4,10,Cinco,6,5,9
/data/popo/Sinalizador08/Canon/15MacaSinalizador08-3.mp4,15,Maca,8,3,14
/data/popo/Sinalizador03/Canon/17RuimSinalizador03-3.mp4,17,Ruim,3,3,16
/data/popo/Sinalizador06/Canon/05AproveitarSinalizador06-3.mp4,5,Aproveitar,6,3,4
/data/popo/Sinalizador09/Canon/01AcontecerSinalizador09-3.mp4,1,Acontecer,9,3,0
/data/popo/Sinalizador06/Canon/03AmareloSinalizador06-2.mp4,3,Amarelo,6,2,2
/data/popo/Sinalizador03/Canon/19VacinaSinalizador03-2.mp4,19,Vacina,3,2,18
/data/popo/Sinalizador10/Canon/13EsquinaSinalizador10-3.mp4,13,Esquina,10,3,12
/data/popo/Sinalizador10/Canon/20VontadeSinalizador10-5.mp4,20,Vontade,10,5,19
/data/popo/Sinalizador10/Canon/04AmericaSinalizador10-5.mp4,4,America,10,5,3
/data/popo/Sinalizador07/Canon/17RuimSinalizador07-2.mp4,17,Ruim,7,2,16
/data/popo/Sinalizador09/Canon/04AmericaSinalizador09-3.mp4,4,America,9,3,3
/data/popo/Sinalizador09/Canon/15MacaSinalizador09-5.mp4,15,Maca,9,5,14
/data/popo/Sinalizador08/Canon/01AcontecerSinalizador08-4.mp4,1,Acontecer,8,4,0
/data/popo/Sinalizador02/Canon/11ConhecerSinalizador02-4.mp4,11,Conhecer,2,4,10
/data/popo/Sinalizador10/Canon/16MedoSinalizador10-2.mp4,16,Medo,10,2,15
/data/popo/Sinalizador04/Canon/18SapoSinalizador04-5.mp4,18,Sapo,4,5,17
/data/popo/Sinalizador08/Canon/14FilhoSinalizador08-1.mp4,14,Filho,8,1,13
/data/popo/Sinalizador06/Canon/16MedoSinalizador06-5.mp4,16,Medo,6,5,15
/data/popo/Sinalizador10/Canon/08BanheiroSinalizador10-4.mp4,8,Banheiro,10,4,7
/data/popo/Sinalizador02/Canon/19VacinaSinalizador02-2.mp4,19,Vacina,2,2,18
/data/popo/Sinalizador04/Canon/10CincoSinalizador04-4.mp4,10,Cinco,4,4,9
/data/popo/Sinalizador06/Canon/03AmareloSinalizador06-1.mp4,3,Amarelo,6,1,2
/data/popo/Sinalizador01/Canon/01AcontecerSinalizador01-3.mp4,1,Acontecer,1,3,0
/data/popo/Sinalizador07/Canon/15MacaSinalizador07-2.mp4,15,Maca,7,2,14
/data/popo/Sinalizador05/Canon/04AmericaSinalizador05-4.mp4,4,America,5,4,3
/data/popo/Sinalizador02/Canon/15MacaSinalizador02-1.mp4,15,Maca,2,1,14
/data/popo/Sinalizador08/Canon/20VontadeSinalizador08-4.mp4,20,Vontade,8,4,19
/data/popo/Sinalizador09/Canon/02AlunoSinalizador09-3.mp4,2,Aluno,9,3,1
/data/popo/Sinalizador04/Canon/10CincoSinalizador04-3.mp4,10,Cinco,4,3,9
/data/popo/Sinalizador09/Canon/01AcontecerSinalizador09-5.mp4,1,Acontecer,9,5,0
/data/popo/Sinalizador03/Canon/05AproveitarSinalizador03-3.mp4,5,Aproveitar,3,3,4
/data/popo/Sinalizador10/Canon/18SapoSinalizador10-1.mp4,18,Sapo,10,1,17
/data/popo/Sinalizador01/Canon/08BanheiroSinalizador01-5.mp4,8,Banheiro,1,5,7
/data/popo/Sinalizador03/Canon/07BancoSinalizador03-3.mp4,7,Banco,3,3,6
/data/popo/Sinalizador03/Canon/06BalaSinalizador03-2.mp4,6,Bala,3,2,5
/data/popo/Sinalizador07/Canon/09BarulhoSinalizador07-5.mp4,9,Barulho,7,5,8
/data/popo/Sinalizador10/Canon/15MacaSinalizador10-3.mp4,15,Maca,10,3,14
/data/popo/Sinalizador02/Canon/20VontadeSinalizador02-4.mp4,20,Vontade,2,4,19
/data/popo/Sinalizador06/Canon/08BanheiroSinalizador06-4.mp4,8,Banheiro,6,4,7
/data/popo/Sinalizador04/Canon/13EsquinaSinalizador04-2.mp4,13,Esquina,4,2,12
/data/popo/Sinalizador05/Canon/14FilhoSinalizador05-2.mp4,14,Filho,5,2,13
/data/popo/Sinalizador04/Canon/15MacaSinalizador04-3.mp4,15,Maca,4,3,14
/data/popo/Sinalizador01/Canon/04AmericaSinalizador01-3.mp4,4,America,1,3,3
/data/popo/Sinalizador07/Canon/12EspelhoSinalizador07-1.mp4,12,Espelho,7,1,11
/data/popo/Sinalizador08/Canon/10CincoSinalizador08-4.mp4,10,Cinco,8,4,9
/data/popo/Sinalizador10/Canon/09BarulhoSinalizador10-5.mp4,9,Barulho,10,5,8
/data/popo/Sinalizador02/Canon/06BalaSinalizador02-2.mp4,6,Bala,2,2,5
/data/popo/Sinalizador05/Canon/08BanheiroSinalizador05-4.mp4,8,Banheiro,5,4,7
/data/popo/Sinalizador10/Canon/15MacaSinalizador10-1.mp4,15,Maca,10,1,14
/data/popo/Sinalizador02/Canon/03AmareloSinalizador02-5.mp4,3,Amarelo,2,5,2
/data/popo/Sinalizador04/Canon/16MedoSinalizador04-5.mp4,16,Medo,4,5,15
/data/popo/Sinalizador10/Canon/11ConhecerSinalizador10-1.mp4,11,Conhecer,10,1,10
/data/popo/Sinalizador05/Canon/20VontadeSinalizador05-5.mp4,20,Vontade,5,5,19
/data/popo/Sinalizador06/Canon/09BarulhoSinalizador06-4.mp4,9,Barulho,6,4,8
/data/popo/Sinalizador03/Canon/16MedoSinalizador03-2.mp4,16,Medo,3,2,15
/data/popo/Sinalizador08/Canon/08BanheiroSinalizador08-3.mp4,8,Banheiro,8,3,7
/data/popo/Sinalizador05/Canon/08BanheiroSinalizador05-5.mp4,8,Banheiro,5,5,7
/data/popo/Sinalizador06/Canon/15MacaSinalizador06-3.mp4,15,Maca,6,3,14
/data/popo/Sinalizador06/Canon/16MedoSinalizador06-1.mp4,16,Medo,6,1,15
/data/popo/Sinalizador10/Canon/05AproveitarSinalizador10-1.mp4,5,Aproveitar,10,1,4
/data/popo/Sinalizador08/Canon/01AcontecerSinalizador08-2.mp4,1,Acontecer,8,2,0
/data/popo/Sinalizador02/Canon/05AproveitarSinalizador02-4.mp4,5,Aproveitar,2,4,4
/data/popo/Sinalizador07/Canon/17RuimSinalizador07-3.mp4,17,Ruim,7,3,16
/data/popo/Sinalizador01/Canon/07BancoSinalizador01-5.mp4,7,Banco,1,5,6
/data/popo/Sinalizador03/Canon/01AcontecerSinalizador03-3.mp4,1,Acontecer,3,3,0
/data/popo/Sinalizador07/Canon/18SapoSinalizador07-3.mp4,18,Sapo,7,3,17
/data/popo/Sinalizador02/Canon/17RuimSinalizador02-1.mp4,17,Ruim,2,1,16
/data/popo/Sinalizador08/Canon/07BancoSinalizador08-2.mp4,7,Banco,8,2,6
/data/popo/Sinalizador02/Canon/13EsquinaSinalizador02-2.mp4,13,Esquina,2,2,12
/data/popo/Sinalizador09/Canon/04AmericaSinalizador09-5.mp4,4,America,9,5,3
/data/popo/Sinalizador09/Canon/14FilhoSinalizador09-2.mp4,14,Filho,9,2,13
/data/popo/Sinalizador10/Canon/08BanheiroSinalizador10-5.mp4,8,Banheiro,10,5,7
/data/popo/Sinalizador05/Canon/17RuimSinalizador05-4.mp4,17,Ruim,5,4,16
/data/popo/Sinalizador10/Canon/03AmareloSinalizador10-5.mp4,3,Amarelo,10,5,2
/data/popo/Sinalizador01/Canon/01AcontecerSinalizador01-1.mp4,1,Acontecer,1,1,0
/data/popo/Sinalizador07/Canon/14FilhoSinalizador07-3.mp4,14,Filho,7,3,13
/data/popo/Sinalizador10/Canon/04AmericaSinalizador10-2.mp4,4,America,10,2,3
/data/popo/Sinalizador04/Canon/03AmareloSinalizador04-1.mp4,3,Amarelo,4,1,2
/data/popo/Sinalizador01/Canon/14FilhoSinalizador01-4.mp4,14,Filho,1,4,13
/data/popo/Sinalizador02/Canon/06BalaSinalizador02-4.mp4,6,Bala,2,4,5
/data/popo/Sinalizador02/Canon/18SapoSinalizador02-3.mp4,18,Sapo,2,3,17
/data/popo/Sinalizador01/Canon/20VontadeSinalizador01-2.mp4,20,Vontade,1,2,19
/data/popo/Sinalizador02/Canon/03AmareloSinalizador02-2.mp4,3,Amarelo,2,2,2
/data/popo/Sinalizador06/Canon/11ConhecerSinalizador06-1.mp4,11,Conhecer,6,1,10
/data/popo/Sinalizador07/Canon/09BarulhoSinalizador07-6.mp4,9,Barulho,7,6,8
/data/popo/Sinalizador05/Canon/17RuimSinalizador05-2.mp4,17,Ruim,5,2,16
/data/popo/Sinalizador08/Canon/08BanheiroSinalizador08-4.mp4,8,Banheiro,8,4,7
/data/popo/Sinalizador08/Canon/05AproveitarSinalizador08-1.mp4,5,Aproveitar,8,1,4
/data/popo/Sinalizador03/Canon/11ConhecerSinalizador03-1.mp4,11,Conhecer,3,1,10
/data/popo/Sinalizador02/Canon/01AcontecerSinalizador02-5.mp4,1,Acontecer,2,5,0
/data/popo/Sinalizador09/Canon/10CincoSinalizador09-4.mp4,10,Cinco,9,4,9
